Div,Date,HomeTeam,AwayTeam,FTHG,FTAG,FTR,HTHG,HTAG,HTR,HS,AS,HST,AST,HF,AF,HC,AC,HY,AY,HR,AR,B365H,B365D,B365A,BWH,BWD,BWA,IWH,IWD,IWA,LBH,LBD,LBA,PSH,PSD,PSA,WHH,WHD,WHA,VCH,VCD,VCA,Bb1X2,BbMxH,BbAvH,BbMxD,BbAvD,BbMxA,BbAvA,BbOU,BbMx>2.5,BbAv>2.5,BbMx<2.5,BbAv<2.5,BbAH,BbAHh,BbMxAHH,BbAvAHH,BbMxAHA,BbAvAHA,PSCH,PSCD,PSCA
I1,20/08/16,Juventus,Fiorentina,2,1,H,1,0,H,19,4,4,1,11,16,3,1,1,3,0,0,1.5,4.2,7,1.48,4,7.75,1.5,4,6.1,1.48,4,7.5,1.51,4.26,8.24,1.5,4,7,1.5,4.2,8,56,1.53,1.48,4.37,4.1,8.24,7.49,46,2.11,2.01,1.87,1.78,36,-1,1.85,1.82,2.11,2.04,1.51,4.15,8.61
I1,20/08/16,Roma,Udinese,4,0,H,0,0,D,25,11,9,1,8,14,10,5,0,2,0,0,1.44,4.5,7.5,1.42,4.6,8,1.45,4,7,1.48,4.2,7,1.5,4.56,7.6,1.44,4.33,7,1.44,4.4,8.5,56,1.52,1.45,4.75,4.41,8.5,7.24,44,1.83,1.76,2.14,2.04,32,-1.5,2.45,2.31,1.72,1.63,1.46,4.72,8.12
I1,21/08/16,Atalanta,Lazio,3,4,A,0,3,A,19,11,6,6,5,16,7,2,2,2,0,0,3.1,3.25,2.4,3,3.2,2.45,2.85,3.2,2.4,3,3.1,2.4,3.2,3.27,2.49,3,3.1,2.5,3.2,3.1,2.5,55,3.2,3.09,3.28,3.14,2.52,2.43,42,2.33,2.23,1.68,1.63,31,0.25,1.85,1.8,2.15,2.07,2.96,3.27,2.66
I1,21/08/16,Bologna,Crotone,1,0,H,0,0,D,20,5,6,0,7,17,5,3,1,1,0,0,1.85,3.5,5,1.85,3.3,4.75,1.9,3.3,4,1.85,3.25,4.5,1.91,3.39,4.95,1.91,3.3,4.2,1.87,3.2,5.2,55,1.93,1.87,3.5,3.3,5.2,4.64,38,2.56,2.43,1.6,1.53,31,-0.5,1.95,1.87,2.06,1.98,1.78,3.5,5.79
I1,21/08/16,Chievo,Inter,2,0,H,0,0,D,12,13,4,3,15,13,4,8,2,4,0,0,3.75,3.3,2.1,3.8,3.3,2.05,3.3,3.3,2.1,3.6,3.25,2.05,3.9,3.35,2.15,3.6,3.2,2.1,3.9,3.2,2.1,56,4,3.77,3.35,3.24,2.15,2.08,42,2.4,2.29,1.65,1.6,31,0.25,2.16,2.09,1.84,1.77,4.14,3.36,2.08
I1,21/08/16,Empoli,Sampdoria,0,1,A,0,1,A,8,15,3,5,17,32,2,5,3,4,1,0,2.3,3.2,3.3,2.3,3.2,3.3,2.4,3.1,2.95,2.3,3.1,3.3,2.37,3.29,3.4,2.38,3.1,3.1,2.3,3.1,3.5,56,2.4,2.32,3.29,3.16,3.5,3.27,43,2.36,2.24,1.69,1.63,32,-0.25,2.01,1.97,1.93,1.88,2.2,3.42,3.66
I1,21/08/16,Genoa,Cagliari,3,1,H,0,0,D,22,4,6,3,13,10,6,1,4,3,0,0,2.05,3.3,3.8,2,3.4,3.9,2,3.3,3.6,2,3.3,3.8,2.06,3.52,3.99,2.1,3.2,3.6,2.05,3.3,4,55,2.12,2.04,3.52,3.33,4,3.79,45,2.1,2.01,1.88,1.78,31,-0.5,2.09,2.04,1.88,1.82,2,3.55,4.18
I1,21/08/16,Milan,Torino,3,2,H,1,0,H,11,20,5,4,13,20,10,10,0,3,1,0,1.85,3.5,4.33,1.85,3.5,4.5,1.85,3.3,4.3,1.85,3.4,4.33,1.92,3.54,4.64,1.91,3.25,4.33,1.87,3.4,4.8,55,1.95,1.87,3.6,3.41,4.8,4.42,43,2.16,2.05,1.83,1.75,30,-0.5,1.92,1.86,2.04,1.99,1.94,3.47,4.61
I1,21/08/16,Palermo,Sassuolo,0,1,A,0,1,A,7,22,2,8,19,15,4,8,1,2,1,0,3,3.2,2.5,2.95,3.1,2.55,2.7,3.1,2.6,3,3,2.4,3.18,3.22,2.54,2.8,3.1,2.62,3.2,3.1,2.5,56,3.2,2.97,3.25,3.12,2.62,2.51,44,2.35,2.24,1.7,1.63,29,0.25,1.83,1.76,2.2,2.11,3.42,3.2,2.41
I1,21/08/16,Pescara,Napoli,2,2,D,2,0,H,9,22,3,4,10,12,3,9,3,2,0,0,7.5,4.5,1.44,7.5,4.5,1.44,7,4,1.45,7,4.33,1.44,8.18,4.52,1.48,7,4.33,1.44,7.5,4.5,1.44,55,8.5,7.62,4.7,4.39,1.52,1.44,44,1.77,1.7,2.23,2.11,34,1,2.31,2.19,1.76,1.7,8.47,4.82,1.44
I1,27/08/16,Lazio,Juventus,0,1,A,0,0,D,6,13,1,5,16,5,4,2,1,2,0,0,4.75,3.5,1.8,4.6,3.5,1.75,4.2,3.5,1.8,4.75,3.4,1.8,5.18,3.5,1.85,5,3.3,1.8,4.8,3.5,1.83,54,5.2,4.83,3.57,3.43,1.86,1.8,42,2.35,2.26,1.68,1.62,29,1,1.58,1.55,2.67,2.49,4.04,3.24,2.16
I1,27/08/16,Napoli,Milan,4,2,H,2,0,H,17,12,8,3,13,15,9,4,5,4,0,2,1.67,4,5,1.65,3.8,5,1.65,3.6,5.1,1.67,3.8,5,1.7,4.05,5.36,1.62,4,5.5,1.65,3.9,5.75,54,1.73,1.67,4.1,3.91,5.75,5.1,42,1.77,1.72,2.19,2.09,32,-1,2.24,2.15,1.76,1.72,1.63,4.05,6.32
I1,28/08/16,Cagliari,Roma,2,2,D,0,1,A,17,21,5,7,21,9,4,3,3,1,0,0,4.75,3.75,1.7,4.4,3.4,1.83,3.8,3.45,1.9,4.33,3.8,1.75,4.75,3.84,1.82,4.33,3.5,1.83,4.6,3.6,1.83,52,4.75,4.39,3.9,3.73,1.9,1.8,40,1.81,1.75,2.14,2.04,28,0.75,1.92,1.86,2.13,2,5.15,4.29,1.68
I1,28/08/16,Crotone,Genoa,1,3,A,1,0,H,11,18,3,8,16,17,1,6,2,2,0,0,4,3.4,1.91,4.4,3.1,1.91,3.6,3.3,2,4.2,3.3,1.91,4.55,3.47,1.95,4.2,3.25,1.95,3.9,3.3,2,53,4.55,4.16,3.47,3.35,2.05,1.95,42,2.31,2.23,1.68,1.64,28,0.5,2,1.92,2,1.92,6.75,4.14,1.58
I1,28/08/16,Fiorentina,Chievo,1,0,H,1,0,H,13,9,3,2,8,16,4,4,0,2,0,0,1.67,3.75,5.5,1.57,3.8,5.75,1.65,3.6,5.1,1.62,3.6,6,1.65,3.83,6.49,1.62,3.6,6,1.65,3.6,6.5,53,1.69,1.63,3.85,3.71,6.5,5.86,42,2.26,2.15,1.76,1.68,32,-1,2.26,2.16,1.79,1.72,1.68,3.71,6.43
I1,28/08/16,Inter,Palermo,1,1,D,0,0,D,22,7,5,3,16,24,8,4,1,5,0,0,1.33,4.75,10,1.36,5,7.25,1.35,4.8,7.6,1.36,4.75,9,1.36,5.33,10.1,1.36,4.5,10,1.33,5.25,9.5,53,1.42,1.36,5.35,4.92,10.1,9.01,41,1.74,1.66,2.26,2.17,32,-1.5,2.14,2.05,1.86,1.8,1.31,5.7,11.97
I1,28/08/16,Sampdoria,Atalanta,2,1,H,2,1,H,8,7,4,1,13,16,3,1,1,4,0,1,2.25,3.2,3.4,2.1,3.2,3.5,2.1,3.2,3.4,2.2,3.2,3.4,2.24,3.33,3.65,2.1,3.25,3.6,2.25,3.13,3.7,52,2.3,2.18,3.33,3.22,3.8,3.52,41,2.28,2.19,1.72,1.65,29,-0.25,1.95,1.88,2.04,1.94,2.55,3.26,3.12
I1,28/08/16,Sassuolo,Pescara,0,3,A,,,,13,15,3,5,12,21,2,7,2,2,0,0,1.62,3.75,6,1.62,3.7,5.5,1.6,3.7,5.4,1.62,3.75,5.75,1.64,3.98,6.33,1.62,3.75,5.5,1.6,3.8,6.5,51,1.7,1.63,4,3.79,6.5,5.73,41,2.07,1.98,1.9,1.8,31,-1,2.23,2.13,1.78,1.73,1.66,4,5.99
I1,28/08/16,Torino,Bologna,5,1,H,2,1,H,20,10,11,2,14,12,6,3,1,2,0,0,1.85,3.5,4.5,1.8,3.5,4.4,1.8,3.4,4.4,1.8,3.4,4.5,1.87,3.56,4.91,1.83,3.4,4.5,1.83,3.4,5,52,1.88,1.83,3.56,3.44,5,4.66,39,2.34,2.24,1.7,1.63,27,-0.5,1.88,1.83,2.09,2.02,1.93,3.46,4.74
I1,28/08/16,Udinese,Empoli,2,0,H,1,0,H,11,13,3,4,15,19,4,5,3,3,0,1,2.05,3.4,3.75,2.1,3.2,3.6,2.1,3.2,3.4,2.05,3.1,3.8,2.11,3.28,4.13,2.1,3.25,3.6,2.1,3.13,4.1,53,2.13,2.08,3.4,3.24,4.13,3.79,40,2.37,2.27,1.66,1.61,28,-0.5,2.12,2.07,1.86,1.8,2.07,3.4,4.04
I1,10/09/16,Juventus,Sassuolo,3,1,H,3,1,H,23,9,10,3,10,12,14,5,1,2,0,0,1.3,5,12,1.33,5,10.5,1.35,4.8,7.6,1.3,4.75,12,1.33,5.41,12.23,1.33,4.5,11,1.3,5.4,11,56,1.37,1.31,5.43,4.96,13,11.35,44,2.1,2.02,1.86,1.77,35,-1.5,2.05,2,1.9,1.85,1.32,5.43,12.5
I1,10/09/16,Palermo,Napoli,0,3,A,0,0,D,5,17,1,7,14,7,2,4,0,0,0,0,9,5,1.33,7.5,5,1.4,7.3,4.4,1.4,8.5,5,1.35,9.44,5.43,1.37,8,4.5,1.4,8,5.5,1.33,56,9.6,8.63,5.65,5.09,1.42,1.36,40,1.66,1.6,2.4,2.28,32,1.5,1.92,1.85,2.08,1.99,9.15,5.06,1.4
I1,11/09/16,Atalanta,Torino,2,1,H,0,0,D,22,14,3,7,16,20,4,4,2,2,0,0,2.6,3.2,2.8,2.7,3.1,2.8,2.6,3.2,2.6,2.5,3.1,2.8,2.68,3.27,2.93,2.5,3.1,2.9,2.63,3.2,2.88,55,2.7,2.6,3.36,3.19,2.93,2.81,45,2.11,2.01,1.84,1.78,30,0,1.9,1.85,2.07,1.99,2.67,3.22,2.99
I1,11/09/16,Bologna,Cagliari,2,1,H,1,0,H,17,11,10,5,13,9,9,4,1,3,0,1,2.1,3.25,3.75,2.2,3.25,3.5,2.1,3.3,3.3,2.1,3.1,3.6,2.18,3.29,3.89,2.15,3.2,3.5,2.3,3,3.6,56,2.3,2.13,3.35,3.23,4,3.64,45,2.25,2.14,1.76,1.69,30,-0.25,1.86,1.82,2.09,2.04,2.25,3.31,3.67
I1,11/09/16,Chievo,Lazio,1,1,D,0,0,D,7,11,4,3,14,15,2,1,2,5,0,0,3,3.2,2.5,3,3.1,2.55,2.6,3.2,2.6,3,3.1,2.4,3.19,3.2,2.54,2.9,3.1,2.5,3.25,3,2.5,56,3.25,3.05,3.25,3.12,2.6,2.47,42,2.5,2.34,1.62,1.57,30,0.25,1.83,1.78,2.16,2.09,3.68,3.23,2.28
I1,11/09/16,Milan,Udinese,0,1,A,0,0,D,14,10,2,2,10,9,8,8,1,5,0,0,1.67,4,5,1.67,4,5,1.65,3.6,5.1,1.67,3.8,5,1.71,4.03,5.32,1.67,3.6,5.5,1.67,3.8,5.75,56,1.75,1.68,4.14,3.87,5.75,5.09,45,1.83,1.77,2.11,2.02,34,-1,2.31,2.21,1.73,1.69,1.62,4.28,5.94
I1,11/09/16,Pescara,Inter,1,2,A,0,0,D,10,22,5,7,14,10,3,13,1,1,0,0,4.75,3.75,1.75,4.6,3.7,1.78,4.5,3.5,1.75,4.5,3.6,1.75,4.9,3.89,1.79,4.8,3.3,1.8,5.2,3.6,1.75,56,5.2,4.7,3.89,3.66,1.84,1.77,45,1.95,1.87,1.99,1.9,34,1,1.65,1.6,2.52,2.38,4.58,3.58,1.92
I1,11/09/16,Roma,Sampdoria,3,2,H,1,2,A,24,12,8,7,12,13,11,7,3,2,0,0,1.33,5.25,9,1.34,5.5,8.25,1.4,4.4,7.3,1.35,4.75,9,1.36,5.42,9.86,1.33,5,9,1.33,5.25,10,56,1.41,1.35,5.57,5.16,10,8.74,38,1.63,1.56,2.48,2.37,35,-1.5,2.08,2,1.88,1.85,1.38,5.4,8.98
I1,12/09/16,Empoli,Crotone,2,1,H,1,1,D,13,6,5,2,16,20,5,0,1,1,0,1,1.57,4,6,1.57,4,6.25,1.6,3.7,5.4,1.6,3.8,5.75,1.63,4.05,6.22,1.55,4,6,1.6,4,6,55,1.65,1.59,4.27,3.91,6.5,5.97,45,1.98,1.89,1.95,1.88,35,-1,2.11,2.01,1.88,1.83,1.79,3.55,5.55
I1,16/09/16,Sampdoria,Milan,0,1,A,0,0,D,12,10,3,3,12,16,8,5,2,3,0,0,3.1,3.3,2.3,3.1,3.25,2.4,2.75,3.3,2.4,2.9,3.3,2.4,3.11,3.43,2.46,2.9,3.4,2.38,3.1,3.25,2.45,57,3.23,3.03,3.49,3.31,2.54,2.4,46,1.97,1.88,1.98,1.89,33,0.25,1.86,1.81,2.13,2.06,3.32,3.28,2.42
I1,17/09/16,Lazio,Pescara,3,0,H,0,0,D,23,10,11,3,12,14,11,2,2,2,0,0,1.5,4.33,6.5,1.44,4.33,7,1.5,4,6.1,1.5,4.2,6,1.54,4.58,6.62,1.53,3.75,7,1.5,4.33,7,56,1.57,1.51,4.59,4.25,7.25,6.53,44,1.73,1.67,2.29,2.17,33,-1,1.91,1.84,2.05,2,1.52,4.63,6.92
I1,17/09/16,Napoli,Bologna,3,1,H,1,0,H,21,9,10,3,11,7,6,3,0,1,0,1,1.25,6,12,1.22,6,11.5,1.3,5,9,1.22,6,13,1.26,6.45,13.9,1.29,5,12,1.22,6.5,11.5,56,1.3,1.24,6.73,6.03,15,12.73,40,1.67,1.6,2.38,2.28,32,-1.5,1.76,1.71,2.27,2.18,1.29,6.13,12.12
I1,18/09/16,Cagliari,Atalanta,3,0,H,1,0,H,12,7,9,2,10,19,3,4,2,2,0,0,2.6,3.2,2.8,2.4,3.3,2.85,2.4,3.2,2.85,2.5,3.1,2.9,2.67,3.22,2.99,2.7,3.1,2.7,2.55,3.2,3,56,2.7,2.54,3.45,3.22,3.05,2.87,46,2.05,1.96,1.88,1.82,31,0,1.85,1.8,2.13,2.05,2.43,3.34,3.23
I1,18/09/16,Crotone,Palermo,1,1,D,1,0,H,11,12,1,5,19,9,3,7,3,2,0,0,3,3.2,2.5,2.85,3.2,2.45,2.65,3.3,2.5,3,3,2.5,3.11,3.18,2.6,2.7,3.1,2.7,3,3.1,2.6,56,3.11,2.96,3.3,3.14,2.7,2.52,46,2.26,2.15,1.75,1.69,29,0,2.19,2.09,1.81,1.77,3.03,3.19,2.66
I1,18/09/16,Fiorentina,Roma,1,0,H,0,0,D,8,14,4,3,10,11,5,6,1,1,0,0,2.9,3.5,2.4,2.75,3.25,2.5,2.6,3.2,2.6,2.8,3.3,2.5,2.89,3.47,2.59,2.9,3.1,2.5,2.88,3.3,2.55,56,3,2.84,3.57,3.34,2.6,2.49,45,1.88,1.78,2.08,2.01,31,0,2.09,2.03,1.87,1.82,3.07,3.52,2.44
I1,18/09/16,Inter,Juventus,2,1,H,0,0,D,16,9,3,2,13,18,5,4,2,3,1,0,4,3.5,1.95,3.9,3.4,1.91,3.6,3.3,2,4.2,3.3,1.91,4.32,3.45,2,4.5,3.4,1.83,4.6,3.2,1.95,56,4.6,4.16,3.53,3.38,2.02,1.94,43,2.36,2.24,1.71,1.63,29,0.5,1.97,1.9,2,1.94,4.65,3.49,1.93
I1,18/09/16,Sassuolo,Genoa,2,0,H,0,0,D,11,17,6,5,15,17,3,8,0,2,0,1,2.2,3.2,3.5,2.3,3.1,3.2,2.4,3.3,2.75,2.15,3.2,3.4,2.23,3.37,3.57,2.3,3.1,3.3,2.2,3.25,3.6,56,2.4,2.21,3.43,3.28,3.6,3.39,44,2.13,2.04,1.85,1.76,30,-0.25,1.94,1.89,2.02,1.96,2.45,3.3,3.24
I1,18/09/16,Torino,Empoli,0,0,D,0,0,D,15,5,5,2,19,7,8,5,4,3,0,0,1.75,3.6,4.75,1.78,3.4,4.75,1.8,3.5,4.2,1.8,3.4,4.75,1.85,3.55,5.06,1.83,3.4,4.5,1.8,3.6,4.8,55,1.86,1.81,3.7,3.49,5.06,4.69,44,2.16,2.08,1.8,1.73,29,-1,2.6,2.47,1.61,1.56,1.69,3.86,5.87
I1,18/09/16,Udinese,Chievo,1,2,A,1,0,H,8,20,4,6,16,9,5,7,3,4,0,0,2,3.25,4,2.1,3.2,3.5,2.1,3.2,3.4,2.05,3.1,4,2.1,3.25,4.22,2.2,3.1,3.5,2.1,3.2,3.8,56,2.2,2.08,3.36,3.18,4.22,3.86,44,2.46,2.31,1.66,1.59,29,-0.25,1.85,1.77,2.16,2.1,2.41,3.16,3.47
I1,20/09/16,Milan,Lazio,2,0,H,1,0,H,17,20,8,5,16,12,3,8,1,4,0,0,2.15,3.4,3.4,2.2,3.3,3.4,2.2,3.2,3.2,2.15,3.3,3.3,2.23,3.49,3.5,2.2,3.2,3.4,2.25,3.25,3.5,56,2.32,2.21,3.49,3.31,3.55,3.39,44,2.06,1.98,1.9,1.81,32,-0.25,1.96,1.9,2.01,1.95,2.27,3.41,3.5
I1,21/09/16,Atalanta,Palermo,0,1,A,0,0,D,16,7,4,2,20,12,7,5,3,2,0,0,1.62,3.75,6,1.6,3.9,6,1.65,3.6,5.1,1.62,3.75,5.75,1.65,3.99,6.21,1.67,3.4,6,1.67,3.9,5.5,56,1.67,1.63,4.12,3.8,6.25,5.74,44,2.08,1.98,1.88,1.81,32,-1,2.22,2.12,1.8,1.75,1.58,4.29,6.5
I1,21/09/16,Bologna,Sampdoria,2,0,H,1,0,H,11,10,4,3,16,12,2,4,1,3,1,1,2.4,3.25,3.1,2.3,3.2,3.3,2.3,3.2,3,2.3,3.1,3.2,2.42,3.25,3.35,2.3,3.1,3.25,2.4,3,3.4,56,2.47,2.37,3.3,3.14,3.4,3.2,44,2.36,2.26,1.67,1.62,30,-0.25,2.07,2.01,1.9,1.84,2.29,3.23,3.64
I1,21/09/16,Chievo,Sassuolo,2,1,H,2,1,H,5,7,3,2,14,15,7,9,2,1,0,0,2.4,3.2,3.1,2.5,3.1,3.1,2.5,3.2,2.75,2.4,3,3.2,2.46,3.17,3.35,2.5,3.1,2.9,2.5,3,3.25,56,2.54,2.45,3.25,3.11,3.35,3.1,43,2.45,2.31,1.65,1.59,30,-0.25,2.13,2.07,1.86,1.8,2.4,3.22,3.43
I1,21/09/16,Empoli,Inter,0,2,A,0,2,A,9,13,3,4,14,15,5,4,1,4,0,0,4.33,3.3,1.95,4.1,3.4,1.95,3.6,3.3,2,4,3.3,1.91,4.41,3.5,1.97,4.2,3.3,1.91,4.5,3.3,1.95,56,4.5,4.14,3.57,3.38,2,1.94,44,2.26,2.16,1.75,1.67,29,0.5,1.97,1.91,1.98,1.93,4.33,3.46,2
I1,21/09/16,Genoa,Napoli,0,0,D,0,0,D,12,14,5,3,16,11,5,8,4,2,0,0,4.75,3.75,1.75,4.75,3.7,1.75,4.5,3.5,1.75,4.33,3.8,1.75,5.24,3.85,1.76,4.8,3.4,1.8,5,3.7,1.75,56,5.24,4.66,4,3.7,1.83,1.76,43,1.85,1.75,2.14,2.05,31,1,1.66,1.62,2.46,2.34,5.02,3.93,1.76
I1,21/09/16,Juventus,Cagliari,4,0,H,3,0,H,28,2,13,0,19,12,9,0,1,3,0,0,1.17,7.5,17,1.2,6.5,16,1.15,7,15,1.18,7,17,1.18,8,20.84,1.2,6,15,1.15,8,19,55,1.25,1.18,8,6.98,20.84,16.76,38,1.58,1.52,2.6,2.52,33,-2,2.01,1.95,1.95,1.89,1.2,7.4,18.25
I1,21/09/16,Pescara,Torino,0,0,D,0,0,D,19,11,4,3,13,15,9,4,3,2,0,2,3.25,3.25,2.3,3.25,3.2,2.35,2.9,3.3,2.3,3.1,3.25,2.3,3.22,3.4,2.41,3.1,3.1,2.4,3.25,3.2,2.38,55,3.33,3.15,3.44,3.26,2.44,2.34,43,2.06,2,1.87,1.8,29,0.25,1.89,1.85,2.06,1.99,3.19,3.31,2.48
I1,21/09/16,Roma,Crotone,4,0,H,2,0,H,20,11,7,3,12,7,11,5,0,1,0,0,1.13,8.5,23,1.15,7.75,21,1.15,7,15,1.13,8.5,23,1.14,9.37,24.04,1.14,7,21,1.13,9,17,56,1.19,1.13,9.85,8.35,25.05,20.7,38,1.43,1.4,3.07,2.91,30,-2,1.66,1.62,2.42,2.33,1.14,9.43,24.59
I1,21/09/16,Udinese,Fiorentina,2,2,D,2,1,H,15,7,5,3,16,15,4,3,1,3,0,0,3.25,3.25,2.3,3.25,3.2,2.3,2.85,3.2,2.4,3.2,3.2,2.3,3.42,3.27,2.37,3.1,3.1,2.4,3.4,3.2,2.3,56,3.42,3.21,3.37,3.21,2.43,2.33,43,2.22,2.1,1.78,1.71,30,0.25,1.94,1.89,2.01,1.97,3.27,3.23,2.47
I1,24/09/16,Napoli,Chievo,2,0,H,2,0,H,13,7,5,2,12,16,4,2,2,4,0,0,1.33,5,10,1.3,5.25,11,1.35,4.8,7.6,1.33,4.75,10,1.35,5.34,10.7,1.33,5.5,9,1.3,5.4,11.5,54,1.41,1.33,6.2,5.14,11.5,9.75,42,1.74,1.68,2.26,2.16,32,-1.5,2.1,2.01,1.89,1.84,1.39,5,9.88
I1,24/09/16,Palermo,Juventus,0,1,A,0,0,D,4,15,2,7,16,10,2,9,3,3,0,0,11,5.5,1.29,11,5.5,1.28,7.6,4.8,1.35,10,5,1.3,11.73,5.64,1.32,9,5.5,1.33,11,5.5,1.3,55,12,10.54,5.75,5.25,1.38,1.31,42,1.85,1.78,2.1,2.01,32,1.5,2,1.89,2.03,1.96,15.21,6.56,1.25
I1,25/09/16,Fiorentina,Milan,0,0,D,0,0,D,20,12,5,1,10,12,6,3,2,4,0,0,2.3,3.1,3.4,2.25,3.3,3.3,2.4,3.2,2.85,2.2,3.25,3.3,2.3,3.39,3.44,2.25,3.3,3.4,2.25,3.25,3.5,56,2.4,2.27,3.42,3.27,3.5,3.3,42,2.13,2.04,1.85,1.76,29,-0.25,1.98,1.93,1.97,1.91,2.29,3.28,3.6
I1,25/09/16,Genoa,Pescara,1,1,D,0,0,D,8,12,4,4,22,10,1,5,2,3,2,0,1.65,4,5.25,1.62,4,5.5,1.55,3.9,5.6,1.67,3.8,5.25,1.7,3.98,5.54,1.67,3.8,5.5,1.7,3.75,5.4,56,1.71,1.66,4.14,3.86,6,5.31,41,1.86,1.78,2.1,2.02,32,-1,2.27,2.15,1.77,1.72,1.66,4.04,5.87
I1,25/09/16,Inter,Bologna,1,1,D,1,1,D,22,8,6,3,12,7,8,4,0,4,0,0,1.45,4.2,8.5,1.42,4.5,8.25,1.5,4,6.1,1.44,4.33,7,1.44,4.79,8.69,1.44,4.5,7.5,1.44,4.33,8.5,55,1.51,1.44,4.8,4.45,8.69,7.55,43,1.9,1.82,2.05,1.97,31,-1,1.8,1.75,2.17,2.11,1.5,4.68,7.21
I1,25/09/16,Lazio,Empoli,2,0,H,1,0,H,12,9,3,3,14,7,5,6,2,2,0,0,1.44,4.2,8.5,1.5,4.1,7.25,1.55,3.9,5.6,1.48,4,7,1.51,4.4,7.73,1.5,4.2,7,1.5,4.1,7.5,56,1.55,1.48,4.58,4.21,8.5,7.24,42,1.97,1.89,1.98,1.88,33,-1,1.88,1.81,2.09,2.04,1.53,4.32,7.33
I1,25/09/16,Sassuolo,Udinese,1,0,H,1,0,H,12,11,5,3,14,12,6,9,3,2,0,0,2.05,3.3,3.8,2.05,3.3,3.8,2.2,3.3,3.1,2,3.2,4,2.04,3.36,4.3,2.05,3.4,3.8,2.05,3.25,4.1,55,2.2,2.03,3.51,3.29,4.31,3.94,42,2.21,2.12,1.77,1.7,27,-0.5,2.07,2.01,1.9,1.84,2.13,3.41,3.9
I1,25/09/16,Torino,Roma,3,1,H,1,0,H,18,21,9,5,15,12,7,13,1,4,0,0,3.75,3.5,2,3.6,3.5,2.05,3.3,3.3,2.1,3.4,3.5,2.05,3.67,3.66,2.11,3.75,3.3,2.1,3.75,3.5,2.05,54,3.76,3.57,3.74,3.53,2.12,2.05,42,1.8,1.74,2.17,2.06,28,0.5,1.87,1.81,2.11,2.04,3.57,3.5,2.2
I1,26/09/16,Cagliari,Sampdoria,2,1,H,1,0,H,9,18,3,2,16,15,3,10,2,3,0,0,2.2,3.2,3.5,2.2,3.3,3.4,2.3,3.3,2.9,2.2,3.2,3.3,2.3,3.37,3.46,2.25,3.2,3.5,2.2,3.3,3.5,53,2.3,2.23,3.49,3.29,3.55,3.33,40,2,1.91,1.95,1.87,27,-0.25,1.97,1.91,2,1.94,2.14,3.46,3.78
I1,26/09/16,Crotone,Atalanta,1,3,A,0,3,A,10,12,3,8,21,14,6,3,3,1,0,1,4.5,3.3,1.91,4.33,3.4,1.9,3.6,3.3,2,4.2,3.4,1.85,4.57,3.58,1.92,4.33,3.3,1.95,4.8,3.4,1.87,54,4.8,4.37,3.62,3.42,2,1.89,40,2.25,2.15,1.76,1.68,26,0.5,2.03,1.98,1.91,1.87,4.54,3.48,1.95
I1,01/10/16,Pescara,Chievo,0,2,A,0,0,D,11,15,2,4,11,14,11,5,1,3,0,0,2.55,3.2,2.9,2.55,3.2,2.75,2.6,3.2,2.6,2.6,3,2.9,2.73,3.1,3.02,2.75,3.2,2.75,2.7,3,3,56,2.85,2.65,3.25,3.09,3.02,2.86,49,2.37,2.27,1.69,1.63,32,0,1.88,1.84,2.08,2,2.69,3.28,2.91
I1,01/10/16,Udinese,Lazio,0,3,A,0,1,A,15,15,3,5,4,12,5,9,2,1,0,0,3,3.3,2.4,3.1,3.2,2.3,2.75,3.3,2.4,2.9,3.25,2.4,3.12,3.4,2.47,3,3.3,2.5,3.13,3.2,2.45,56,3.25,3.04,3.4,3.26,2.5,2.41,50,2.15,2.04,1.84,1.76,31,0.25,1.85,1.8,2.13,2.06,3.06,3.46,2.48
I1,02/10/16,Atalanta,Napoli,1,0,H,1,0,H,10,13,4,3,11,13,4,12,3,3,0,0,6,4,1.55,5.5,3.8,1.6,5.4,3.7,1.6,5.75,3.8,1.6,6.35,4.21,1.6,5.5,4.2,1.62,6.5,4,1.57,56,6.5,5.8,4.26,4,1.65,1.6,50,1.93,1.83,2.12,1.96,35,1,1.87,1.82,2.08,2.03,5.47,3.75,1.75
I1,02/10/16,Bologna,Genoa,0,1,A,0,0,D,6,13,3,4,8,22,7,3,1,3,2,1,2.2,3.1,3.6,2.3,3.1,3.2,2.2,3.2,3.2,2.25,3,3.5,2.32,3.15,3.69,2.4,3.2,3.2,2.25,3.1,3.6,54,2.4,2.3,3.28,3.12,3.69,3.39,49,2.34,2.23,1.7,1.64,30,-0.25,2.01,1.95,1.97,1.91,2.62,3.15,3.11
I1,02/10/16,Cagliari,Crotone,2,1,H,1,0,H,14,22,9,8,14,14,6,14,0,4,0,0,1.44,4.33,8,1.45,4.4,6.5,1.55,4,5.5,1.44,4.33,7,1.51,4.32,7.8,1.5,4.33,7,1.44,4.5,8,55,1.55,1.47,4.8,4.34,8.25,7.17,49,1.75,1.65,2.3,2.22,33,-1,1.84,1.75,2.21,2.11,1.63,3.83,6.89
I1,02/10/16,Empoli,Juventus,0,3,A,0,0,D,6,26,3,11,21,20,5,7,2,1,0,0,10,5,1.3,9,4.75,1.34,7.6,4.8,1.35,10,5.25,1.3,11.86,5.76,1.31,11,5,1.33,12,5.5,1.29,54,12,10.23,5.76,5.18,1.38,1.32,49,1.81,1.76,2.16,2.05,33,1.5,1.96,1.9,2.03,1.95,11.48,5.18,1.35
I1,02/10/16,Milan,Sassuolo,4,3,H,1,1,D,15,7,6,5,10,10,5,4,1,5,0,0,1.62,3.8,6,1.62,3.75,5.25,1.7,3.6,4.7,1.6,3.8,5.75,1.63,4.04,6.32,1.73,3.8,5,1.67,4,4.8,56,1.73,1.63,4.17,3.87,6.32,5.59,50,1.95,1.88,2.01,1.91,32,-1,2.2,2.09,1.84,1.77,1.66,4.04,5.91
I1,02/10/16,Roma,Inter,2,1,H,1,0,H,19,17,8,5,9,17,3,10,1,2,0,0,2,3.5,3.8,1.95,3.4,3.8,2.1,3.2,3.4,1.91,3.4,4,1.97,3.59,4.29,2,3.5,4,1.93,3.6,4.1,55,2.1,1.96,3.75,3.52,4.33,3.92,49,1.8,1.74,2.17,2.07,29,-0.25,1.71,1.68,2.32,2.23,1.97,3.75,4.07
I1,02/10/16,Sampdoria,Palermo,1,1,D,0,0,D,23,4,7,2,9,18,7,1,2,5,0,1,1.65,3.75,5.5,1.7,3.6,5,1.7,3.6,4.7,1.67,3.5,5.5,1.7,3.75,5.97,1.75,3.5,5.5,1.67,3.7,6,56,1.78,1.71,3.9,3.65,6,5.27,50,2.05,1.96,1.9,1.83,32,-1,2.4,2.29,1.7,1.64,1.73,3.74,5.75
I1,02/10/16,Torino,Fiorentina,2,1,H,1,0,H,18,13,5,5,15,12,6,8,1,2,0,0,2.4,3.2,3.1,2.3,3.2,3.1,2.5,3.1,2.8,2.38,3.1,3.1,2.45,3.3,3.23,2.5,3.2,3.1,2.45,3.13,3.25,54,2.5,2.41,3.33,3.2,3.27,3.09,48,2.21,2.12,1.79,1.71,29,-0.25,2.09,2.05,1.86,1.81,2.45,3.32,3.22
I1,15/10/16,Juventus,Udinese,2,1,H,1,1,D,15,8,5,4,11,11,4,7,1,2,0,0,1.2,7,13,1.2,7.25,17,1.2,5.8,13,1.2,6.5,15,1.23,7.03,15.57,1.2,7,15,1.2,7,15,47,1.27,1.21,7.25,6.52,17,14.61,36,1.62,1.57,2.6,2.38,24,-2,2.16,2.08,1.82,1.78,1.22,6.98,16.8
I1,15/10/16,Napoli,Roma,1,3,A,0,1,A,21,14,5,6,5,16,9,1,2,3,0,0,2,3.5,3.8,2,3.6,3.9,2,3.3,3.6,1.95,3.5,3.8,2,3.66,4.05,2.05,3.3,4,2,3.6,3.8,48,2.08,1.99,3.85,3.58,4.05,3.72,41,1.69,1.64,2.36,2.24,23,-0.5,2,1.96,1.95,1.88,1.88,3.81,4.47
I1,15/10/16,Pescara,Sampdoria,1,1,D,1,1,D,10,22,7,9,9,12,8,8,1,1,1,0,2.38,3.3,3.1,2.5,3.25,2.9,2.6,3.2,2.6,2.3,3.25,3,2.41,3.4,3.21,2.5,3.3,2.9,2.45,3.25,3.13,48,2.6,2.4,3.45,3.24,3.21,3.06,41,2.01,1.93,1.95,1.87,22,-0.25,2.11,2.05,1.88,1.81,2.58,3.45,2.92
I1,16/10/16,Chievo,Milan,1,3,A,0,1,A,8,16,5,5,17,13,7,2,3,2,0,0,2.8,3,2.75,2.95,2.95,2.85,2.9,3.15,2.4,2.75,3,2.7,2.89,3.11,2.83,2.8,3.1,2.8,2.8,3,2.88,48,2.95,2.83,3.2,3,2.9,2.74,40,2.45,2.32,1.67,1.6,23,0,1.99,1.93,1.97,1.9,3.21,3.15,2.56
I1,16/10/16,Fiorentina,Atalanta,0,0,D,0,0,D,17,13,6,3,14,17,7,6,3,3,0,0,1.75,3.6,5,1.75,3.6,5,1.7,3.6,4.7,1.73,3.6,5,1.74,3.89,5.29,1.73,3.75,5,1.73,3.6,5.5,48,1.8,1.73,3.89,3.66,5.5,4.96,42,2.06,2,1.86,1.81,24,-1,2.45,2.34,1.66,1.62,1.71,3.86,5.68
I1,16/10/16,Genoa,Empoli,0,0,D,0,0,D,8,2,3,1,17,17,3,2,0,4,1,0,1.75,3.6,5,1.75,3.6,5,1.75,3.5,4.5,1.75,3.5,4.75,1.83,3.65,5.02,1.83,3.5,4.8,1.8,3.5,5,47,1.83,1.77,3.68,3.56,5.27,4.83,40,2.19,2.09,1.81,1.74,24,-1,2.58,2.42,1.62,1.58,1.8,3.6,5.34
I1,16/10/16,Inter,Cagliari,1,2,A,0,0,D,17,11,4,6,10,12,10,6,1,5,0,0,1.4,4.75,8.5,1.4,4.75,7.75,1.45,4,7,1.4,4.5,7,1.42,4.74,9.61,1.44,4.33,8.5,1.4,4.8,8.5,48,1.48,1.41,4.95,4.64,9.8,7.81,36,1.62,1.58,2.5,2.36,23,-1.5,2.25,2.16,1.76,1.73,1.36,5.44,9.99
I1,16/10/16,Lazio,Bologna,1,1,D,0,1,A,25,9,8,4,13,16,18,0,4,3,0,0,1.5,4,7.5,1.5,4,7.5,1.55,3.9,5.6,1.5,4,7,1.53,4.26,7.52,1.53,4.33,6.5,1.53,4.2,6.5,47,1.56,1.51,4.3,4.09,7.85,6.87,41,2,1.9,1.97,1.89,23,-1,1.92,1.86,2.05,1.99,1.52,4.39,7.45
I1,16/10/16,Sassuolo,Crotone,2,1,H,0,1,A,22,8,9,1,10,22,15,1,1,3,0,0,1.4,4.5,8.5,1.42,4.6,7.75,1.45,4,7,1.4,4.33,8,1.45,4.63,8.72,1.44,4.5,7.5,1.4,4.4,9,48,1.5,1.44,4.69,4.43,9,7.65,40,1.85,1.78,2.12,2.03,23,-1.5,2.35,2.27,1.72,1.66,1.58,4.15,6.76
I1,17/10/16,Palermo,Torino,1,4,A,1,3,A,16,15,3,7,15,23,10,6,4,2,0,0,3.8,3.5,2,4.2,3.4,2,3.8,3.45,1.9,3.8,3.3,1.95,4.28,3.46,2.01,4,3.4,2,4.1,3.4,2,47,4.3,3.95,3.5,3.4,2.03,1.98,38,2.2,2.07,1.81,1.75,19,0.5,1.93,1.88,2.02,1.97,4.47,3.52,1.95
I1,22/10/16,Milan,Juventus,1,0,H,0,0,D,8,22,2,3,19,14,5,9,4,3,0,0,4.5,3.7,1.8,4.75,3.75,1.8,4,3.45,1.85,4.33,3.5,1.83,4.79,3.59,1.88,4.8,3.5,1.83,5,3.5,1.8,55,5,4.55,3.75,3.55,1.88,1.82,49,2.08,1.96,1.9,1.82,28,0.5,2.11,2.04,1.88,1.81,5,3.45,1.88
I1,22/10/16,Sampdoria,Genoa,2,1,H,1,1,D,14,10,7,5,12,15,5,6,2,3,0,0,3.1,3.25,2.4,3,3.25,2.45,2.8,3.1,2.5,2.9,3.1,2.5,3.13,3.19,2.59,3.1,3.2,2.5,3,3.1,2.6,55,3.13,2.96,3.3,3.17,2.6,2.51,48,2.3,2.15,1.79,1.69,30,0,2.14,2.07,1.83,1.78,3.02,3.41,2.52
I1,23/10/16,Atalanta,Inter,2,1,H,1,0,H,11,7,8,4,19,11,4,0,2,1,0,0,3.3,3.4,2.2,3.4,3.3,2.2,3,3.2,2.3,3.3,3.25,2.2,3.51,3.34,2.29,3.4,3.3,2.25,3.3,3.3,2.3,55,3.55,3.3,3.45,3.31,2.33,2.24,48,2.11,1.98,1.9,1.8,29,0.25,1.97,1.92,1.99,1.93,3.35,3.38,2.35
I1,23/10/16,Bologna,Sassuolo,1,1,D,1,0,H,14,8,4,3,11,13,7,11,0,1,0,0,2.5,3.2,3,2.6,3,3,2.4,3.3,2.75,2.5,3,3,2.7,3.02,3.15,2.62,3,3.1,2.63,3,3.1,54,2.7,2.55,3.3,3.06,3.2,2.99,47,2.4,2.27,1.7,1.62,30,0,1.85,1.79,2.16,2.06,2.88,3.11,2.85
I1,23/10/16,Cagliari,Fiorentina,3,5,A,1,4,A,10,16,5,8,19,7,4,7,2,2,0,0,3,3.3,2.4,3.1,3.25,2.4,2.85,3.2,2.4,3,3.25,2.3,3.28,3.35,2.4,3.1,3.3,2.4,3.2,3.2,2.4,55,3.3,3.07,3.4,3.26,2.47,2.38,49,2.1,1.97,1.88,1.81,29,0.25,1.88,1.83,2.08,2.02,3.52,3.48,2.23
I1,23/10/16,Crotone,Napoli,1,2,A,0,2,A,12,13,4,8,20,8,7,7,2,0,0,1,15,6,1.22,12.5,6.5,1.22,12,5.5,1.22,12,5.75,1.25,15.45,6.46,1.25,13,6,1.25,15,6.5,1.22,55,15.5,13.06,6.8,6.01,1.31,1.24,44,1.65,1.59,2.45,2.3,31,2,1.7,1.67,2.39,2.24,9.39,5.56,1.36
I1,23/10/16,Empoli,Chievo,0,0,D,0,0,D,8,13,3,2,16,28,6,3,3,3,0,1,2.55,3,3.1,2.6,2.9,3.1,2.5,3.2,2.75,2.5,2.9,3,2.65,3.03,3.2,2.62,3,3.1,2.7,2.9,3.1,55,2.7,2.59,3.2,2.97,3.25,3.03,44,2.7,2.51,1.57,1.51,30,0,1.83,1.78,2.15,2.07,2.62,3.12,3.15
I1,23/10/16,Roma,Palermo,4,1,H,1,0,H,18,7,7,3,11,14,4,4,3,2,0,0,1.18,7,17,1.18,7.5,14,1.22,5.5,12,1.18,7,17,1.18,8.31,18.56,1.2,7,17,1.18,7.5,17,55,1.24,1.19,8.31,7.08,19,15.28,38,1.4,1.37,3.23,2.97,33,-2,1.94,1.84,2.1,2,1.25,6.99,13.34
I1,23/10/16,Torino,Lazio,2,2,D,1,0,H,16,14,4,6,12,14,4,6,2,2,0,0,2.2,3.3,3.4,2.2,3.3,3.4,2.4,3.2,2.85,2.2,3.3,3.3,2.24,3.52,3.46,2.25,3.3,3.4,2.25,3.3,3.4,55,2.4,2.23,3.52,3.34,3.53,3.29,48,2,1.87,2,1.9,29,-0.25,1.96,1.91,2.01,1.94,2.16,3.65,3.52
I1,23/10/16,Udinese,Pescara,3,1,H,1,0,H,9,16,4,3,12,9,6,3,2,1,0,0,1.85,3.5,4.5,1.85,3.5,4.5,1.8,3.5,4.2,1.85,3.4,4.5,1.89,3.6,4.67,1.91,3.4,4.5,1.87,3.5,4.6,55,1.93,1.87,3.64,3.49,4.68,4.31,48,2.02,1.91,1.95,1.87,28,-0.5,1.9,1.86,2.05,1.98,1.96,3.7,4.18
I1,25/10/16,Genoa,Milan,3,0,H,1,0,H,8,13,3,3,15,9,5,4,3,0,0,1,2.75,3.25,2.6,2.9,3.3,2.6,2.85,3.2,2.4,2.7,3.1,2.7,2.8,3.35,2.74,2.75,3.3,2.7,2.8,3.13,2.75,54,2.9,2.77,3.4,3.24,2.75,2.64,47,2.11,2.01,1.85,1.78,30,0,2.07,1.95,1.95,1.89,2.87,3.16,2.77
I1,26/10/16,Chievo,Bologna,1,1,D,0,0,D,10,8,3,4,18,14,6,4,0,4,0,0,2.1,3.1,4,2.1,3.2,3.9,2.1,3.1,3.6,2.05,3.1,3.8,2.14,3.22,4.13,2.15,3.2,3.8,2.1,3.1,4.1,52,2.15,2.1,3.29,3.17,4.13,3.85,44,2.6,2.42,1.62,1.55,26,-0.25,1.82,1.78,2.14,2.07,2.17,3.21,4.02
I1,26/10/16,Fiorentina,Crotone,1,1,D,0,1,A,26,4,11,2,15,16,14,1,1,2,0,0,1.22,6,15,1.22,6.25,13.5,1.2,6,12.5,1.25,5.75,12,1.27,6.44,13.21,1.25,6,13,1.22,6.5,15,52,1.32,1.25,6.5,5.99,15,12.2,42,1.59,1.53,2.55,2.42,28,-1.5,1.82,1.75,2.2,2.11,1.26,6.55,13.86
I1,26/10/16,Inter,Torino,2,1,H,1,0,H,22,7,6,2,14,18,2,10,0,4,0,0,2,3.5,3.75,1.95,3.5,3.9,2,3.3,3.6,1.91,3.4,4,1.98,3.57,4.26,2,3.5,4,1.95,3.5,4.1,52,2.03,1.96,3.62,3.47,4.4,3.96,45,1.92,1.83,2.05,1.94,27,-0.25,1.74,1.7,2.31,2.2,1.91,3.67,4.46
I1,26/10/16,Juventus,Sampdoria,4,1,H,2,0,H,13,8,7,3,6,16,5,2,0,3,0,0,1.17,7.5,17,1.18,7,16.5,1.2,5.8,13,1.2,6.5,15,1.21,7.18,17.5,1.22,6.5,15,1.15,7,18,52,1.27,1.2,7.5,6.67,18,15.26,42,1.61,1.53,2.55,2.44,31,-2,2.09,2.01,1.88,1.83,1.2,7.66,17.06
I1,26/10/16,Lazio,Cagliari,4,1,H,3,0,H,19,14,12,5,6,6,4,10,2,3,0,0,1.44,4.5,7.5,1.48,4.33,7,1.6,3.7,5.4,1.5,4.2,6.5,1.52,4.51,7.18,1.53,4.33,6.5,1.45,4.5,7.5,52,1.6,1.51,4.62,4.36,7.5,6.45,42,1.66,1.59,2.43,2.3,31,-1,1.88,1.81,2.12,2.04,1.52,4.63,6.93
I1,26/10/16,Napoli,Empoli,2,0,H,0,0,D,35,7,10,2,7,9,11,8,1,2,0,0,1.29,5.5,11,1.25,6,12,1.22,5.5,12,1.25,5.5,12,1.3,5.72,13.2,1.29,5.5,12,1.25,6,13,54,1.33,1.27,6.1,5.59,13.5,11.64,41,1.67,1.59,2.4,2.3,30,-1.5,1.92,1.84,2.1,2,1.26,6.37,14.4
I1,26/10/16,Pescara,Atalanta,0,1,A,0,0,D,5,13,0,3,18,22,2,8,3,3,0,0,2.9,3.25,2.5,2.9,3.3,2.5,2.85,3.2,2.4,2.88,3.1,2.5,2.97,3.23,2.68,3.1,3.3,2.4,2.9,3.2,2.63,54,3.1,2.9,3.37,3.21,2.68,2.53,45,2.1,2,1.85,1.78,28,0,2.12,2.04,1.86,1.8,2.97,3.33,2.61
I1,26/10/16,Sassuolo,Roma,1,3,A,1,0,H,16,16,3,5,12,10,5,11,3,0,0,0,4.2,3.5,1.91,4.1,3.7,1.87,3.8,3.45,1.9,3.8,3.75,1.85,4.33,3.69,1.93,4,3.75,1.91,4.33,3.6,1.87,52,4.33,4.04,3.77,3.61,2,1.9,47,1.73,1.68,2.26,2.14,27,0.75,1.78,1.74,2.19,2.13,4.49,3.79,1.88
I1,27/10/16,Palermo,Udinese,1,3,A,1,1,D,11,11,2,7,15,15,3,4,2,2,1,0,2.9,3.25,2.5,2.9,3.3,2.6,2.65,3.1,2.65,2.88,3.1,2.5,2.97,3.29,2.64,2.88,3.25,2.6,3,3.13,2.6,54,3,2.86,3.35,3.22,2.65,2.55,48,2.17,2.03,1.87,1.76,30,0,2.11,2.03,1.86,1.81,2.76,3.21,2.88
I1,29/10/16,Bologna,Fiorentina,0,1,A,0,1,A,5,12,2,5,8,17,2,5,3,3,1,0,3.25,3.25,2.3,3.3,3.2,2.3,2.95,3.1,2.4,3,3.25,2.3,3.4,3.22,2.41,3.4,3.2,2.3,3.3,3.13,2.4,55,3.45,3.24,3.3,3.16,2.49,2.35,47,2.28,2.15,1.75,1.69,30,0.25,1.89,1.84,2.06,2.01,3.98,3.47,2.08
I1,29/10/16,Juventus,Napoli,2,1,H,0,0,D,10,12,3,2,11,10,3,4,4,1,0,0,1.8,3.5,4.75,1.87,3.5,4.75,1.75,3.5,4.5,1.8,3.4,4.5,1.85,3.57,4.96,1.85,3.6,4.5,1.85,3.4,4.8,54,1.91,1.84,3.65,3.46,5.02,4.58,46,2.21,2.1,1.8,1.71,29,-0.5,1.88,1.84,2.1,2.01,1.8,3.53,5.51
I1,30/10/16,Atalanta,Genoa,3,0,H,2,0,H,15,10,9,2,12,14,3,3,1,2,0,0,2.3,3.2,3.3,2.3,3.3,3.2,2.3,3.2,3,2.25,3.1,3.3,2.32,3.25,3.55,2.4,3.25,3.2,2.3,3.13,3.5,55,2.46,2.31,3.31,3.19,3.55,3.29,47,2.22,2.13,1.76,1.7,30,-0.25,2,1.95,1.96,1.9,2.38,3.18,3.49
I1,30/10/16,Crotone,Chievo,2,0,H,1,0,H,9,16,7,3,19,21,4,5,1,2,0,0,3.5,3.2,2.2,3.4,3.2,2.25,3.2,3.2,2.2,3.5,3.1,2.15,3.72,3.22,2.24,3.3,3.3,2.3,3.8,3.1,2.2,55,3.8,3.5,3.32,3.17,2.35,2.22,45,2.43,2.3,1.66,1.6,30,0.25,2.04,1.98,1.92,1.87,3.43,3.24,2.39
I1,30/10/16,Empoli,Roma,0,0,D,0,0,D,8,23,3,5,18,13,4,8,6,3,0,0,6,4.2,1.55,6.25,4.1,1.55,5.4,3.7,1.6,5.5,4,1.57,6.39,4.22,1.6,6,4,1.6,6,3.9,1.62,55,6.39,5.82,4.3,4.09,1.65,1.58,46,1.8,1.74,2.14,2.06,34,1,1.92,1.87,2.04,1.98,6.02,4.21,1.63
I1,30/10/16,Lazio,Sassuolo,2,1,H,0,0,D,14,14,6,5,17,11,10,4,2,1,0,0,1.67,3.75,5.5,1.62,4,5.5,1.65,3.6,5.1,1.62,3.8,5.25,1.64,4.25,5.75,1.67,3.8,5.5,1.67,4.1,5,55,1.71,1.64,4.25,4.01,5.75,5.23,47,1.76,1.69,2.22,2.13,29,-0.75,1.85,1.81,2.11,2.05,1.5,4.69,7.19
I1,30/10/16,Milan,Pescara,1,0,H,0,0,D,18,14,9,6,11,14,5,5,1,2,0,0,1.4,4.75,8,1.4,4.75,8.25,1.4,4.4,7.3,1.4,4.5,7.5,1.44,4.85,8.51,1.44,4.5,8,1.44,4.5,8,55,1.51,1.43,4.85,4.58,8.51,7.62,45,1.69,1.63,2.36,2.24,30,-1.25,2.03,1.96,1.93,1.89,1.4,5.11,9.17
I1,30/10/16,Sampdoria,Inter,1,0,H,1,0,H,9,14,3,3,15,14,4,5,1,3,0,0,3.6,3.5,2.05,3.6,3.5,2.15,3.3,3.3,2.1,3.4,3.4,2.1,3.67,3.47,2.18,3.5,3.5,2.1,3.6,3.4,2.15,55,3.7,3.52,3.56,3.42,2.25,2.11,48,1.9,1.83,2.05,1.95,29,0.25,2.12,2.05,1.87,1.82,3.55,3.61,2.17
I1,31/10/16,Cagliari,Palermo,2,1,H,0,0,D,8,12,4,3,19,16,2,4,5,3,0,0,1.73,3.5,5,1.75,3.7,4.75,1.8,3.5,4.2,1.75,3.75,4.5,1.77,3.96,4.94,1.75,3.75,5,1.75,3.75,5,52,1.82,1.75,3.96,3.79,5,4.62,45,1.77,1.71,2.22,2.1,28,-0.75,2.01,1.96,1.94,1.89,1.75,3.84,5.28
I1,31/10/16,Udinese,Torino,2,2,D,0,1,A,16,13,5,3,13,19,4,4,2,3,0,0,2.88,3.25,2.45,2.9,3.3,2.5,2.75,3.2,2.5,2.88,3.1,2.5,3,3.29,2.62,2.9,3.25,2.6,2.88,3.25,2.6,52,3,2.88,3.47,3.23,2.62,2.53,45,1.92,1.86,2,1.91,28,0,2.12,2.04,1.86,1.81,2.73,3.4,2.78
I1,05/11/16,Napoli,Lazio,1,1,D,0,0,D,18,7,8,3,12,15,9,2,0,2,0,0,1.67,4,5,1.72,3.9,4.75,1.75,3.5,4.5,1.67,3.8,5,1.7,3.98,5.5,1.75,4,4.2,1.7,4,5,51,1.79,1.71,4.16,3.87,5.5,4.89,43,1.64,1.58,2.45,2.33,31,-1,2.27,2.17,1.77,1.71,1.73,4.05,5.12
I1,05/11/16,Torino,Cagliari,5,1,H,3,1,H,23,10,9,7,15,10,5,4,1,2,0,1,1.55,4.33,5.75,1.57,4.1,6,1.55,3.9,5.6,1.57,4.2,5.5,1.58,4.38,6.29,1.6,3.75,5.5,1.55,4.3,6.25,51,1.64,1.57,4.55,4.24,6.5,5.74,42,1.6,1.55,2.55,2.41,33,-1,2,1.94,1.95,1.91,1.57,4.39,6.47
I1,06/11/16,Chievo,Juventus,1,2,A,0,0,D,9,17,2,6,20,14,2,4,5,4,0,0,9,4,1.44,8.75,4.1,1.45,7,4,1.45,8,4,1.44,8.91,4.25,1.49,7.5,4.2,1.44,8.5,4.33,1.44,51,9.05,8.16,4.41,4.19,1.54,1.45,47,2.21,2.13,1.76,1.7,32,1,2.17,2.09,1.83,1.76,7.19,3.74,1.63
I1,06/11/16,Fiorentina,Sampdoria,1,1,D,1,0,H,20,17,5,6,18,14,11,2,3,2,0,0,1.57,3.8,6.5,1.57,3.9,6.25,1.57,3.8,5.5,1.57,4,6,1.6,4.17,6.38,1.55,4,6,1.55,4.2,6.25,51,1.67,1.57,4.24,4.05,6.5,6.03,46,1.85,1.77,2.11,2.03,33,-1,2.01,1.95,1.95,1.9,1.56,4.44,6.41
I1,06/11/16,Genoa,Udinese,1,1,D,1,1,D,16,10,4,3,15,12,3,1,2,1,0,0,1.85,3.6,4.33,1.83,3.5,4.6,1.8,3.4,4.4,1.85,3.3,4.5,1.92,3.45,4.78,1.83,3.5,4.4,1.87,3.4,4.75,51,1.96,1.87,3.6,3.45,4.8,4.41,47,2.11,2.02,1.86,1.78,28,-0.5,1.92,1.87,2.06,1.98,1.96,3.52,4.45
I1,06/11/16,Inter,Crotone,3,0,H,0,0,D,25,4,9,0,9,10,18,4,1,2,0,0,1.25,5.75,13,1.25,6.25,11.5,1.25,5.5,10.3,1.25,5.75,12,1.26,6.46,14.4,1.25,6,11,1.22,6.5,15,51,1.32,1.25,6.5,6,15,12.27,38,1.54,1.5,2.65,2.53,30,-1.5,1.79,1.76,2.18,2.11,1.29,5.94,12.74
I1,06/11/16,Palermo,Milan,1,2,A,0,1,A,15,12,7,6,23,14,6,5,2,1,0,0,5.5,3.75,1.67,5.75,3.9,1.62,5.1,3.6,1.65,5.25,3.8,1.67,5.8,3.92,1.69,5.5,3.6,1.67,6,3.75,1.65,51,6,5.42,3.96,3.79,1.75,1.66,47,2.01,1.93,1.92,1.86,31,1,1.75,1.71,2.27,2.18,5.18,3.72,1.79
I1,06/11/16,Pescara,Empoli,0,4,A,0,3,A,22,9,7,6,15,11,8,1,2,2,0,0,2.4,3.2,3.1,2.35,3.1,3.3,2.4,3.2,2.85,2.3,3.1,3.25,2.37,3.33,3.37,2.4,3.1,3.1,2.38,3.1,3.4,51,2.41,2.35,3.33,3.2,3.4,3.19,47,2.3,2.18,1.73,1.67,29,-0.25,2.05,1.99,1.92,1.87,2.44,3.27,3.28
I1,06/11/16,Roma,Bologna,3,0,H,1,0,H,22,13,8,5,18,9,3,6,1,0,0,0,1.25,6,12,1.26,6,11,1.28,5.2,10,1.25,5.75,11,1.28,6.41,12.42,1.3,5.5,9,1.25,6.5,10,51,1.31,1.26,6.5,5.99,13,10.94,37,1.48,1.41,3.05,2.82,30,-1.5,1.79,1.74,2.22,2.13,1.27,6.43,12.8
I1,06/11/16,Sassuolo,Atalanta,0,3,A,0,3,A,15,15,3,8,10,19,3,7,4,2,0,0,2.5,3.2,3,2.45,3.2,3,2.3,3.2,3,2.4,3.1,3,2.51,3.24,3.2,2.4,3.2,3,2.5,3.1,3.13,51,2.55,2.47,3.28,3.18,3.2,3,47,2.25,2.17,1.74,1.68,29,-0.25,2.16,2.1,1.82,1.78,2.74,3.23,2.9
I1,19/11/16,Chievo,Cagliari,1,0,H,0,0,D,12,11,2,2,17,18,5,9,3,3,0,0,1.91,3.5,4.2,1.91,3.4,4.25,1.9,3.3,4,1.91,3.4,4,1.99,3.56,4.24,1.95,3.3,4.5,2,3.3,4.2,51,2.07,1.94,3.6,3.46,4.5,4.1,47,2.05,1.98,1.91,1.82,30,-0.5,2,1.93,2.02,1.91,1.99,3.41,4.47
I1,19/11/16,Juventus,Pescara,3,0,H,1,0,H,14,9,5,3,11,15,5,1,0,2,0,0,1.14,8,19,1.14,8,20,1.15,7,15,1.15,8,19,1.17,8.82,18.1,1.17,8,17,1.14,7.5,18,51,1.19,1.15,8.95,8.12,21.46,17.71,38,1.45,1.4,3,2.84,30,-2,1.75,1.7,2.27,2.19,1.18,8.25,18.7
I1,19/11/16,Udinese,Napoli,1,2,A,0,0,D,7,10,3,4,9,7,4,7,1,0,0,0,4.75,3.75,1.75,4.6,3.7,1.78,4.2,3.5,1.8,4.33,3.75,1.75,4.99,3.86,1.78,5,3.5,1.8,5,3.7,1.75,51,5.15,4.67,3.89,3.68,1.85,1.77,48,1.85,1.77,2.11,2.04,28,0.75,1.93,1.89,2.03,1.97,5.63,4.17,1.66
I1,20/11/16,Atalanta,Roma,2,1,H,0,1,A,21,9,6,5,15,14,10,6,1,2,0,0,4,3.5,1.95,4,3.5,1.95,3.6,3.3,2,3.4,3.75,2,3.76,3.73,2.06,4,3.5,2,3.75,3.7,2,51,4.15,3.68,3.85,3.6,2.1,2,42,1.67,1.61,2.4,2.29,28,0.25,2.25,2.16,1.79,1.72,3.92,3.59,2.06
I1,20/11/16,Bologna,Palermo,3,1,H,1,1,D,8,8,4,4,15,15,4,6,1,1,0,0,1.75,3.6,5,1.78,3.5,5,1.85,3.3,4.2,1.75,3.5,5,1.78,3.7,5.33,1.8,3.5,5,1.75,3.6,5.25,51,1.85,1.77,3.7,3.57,5.35,4.93,46,2.16,2.06,1.82,1.74,32,-1,2.5,2.39,1.65,1.6,1.94,3.46,4.61
I1,20/11/16,Crotone,Torino,0,2,A,0,0,D,15,16,5,4,11,6,6,5,1,1,0,0,5,3.75,1.73,5,3.75,1.72,4.5,3.5,1.75,4.5,3.8,1.75,5.12,3.92,1.76,5,3.5,1.8,5,3.75,1.75,51,5.12,4.75,3.92,3.76,1.81,1.75,46,1.81,1.74,2.15,2.07,29,0.75,1.95,1.9,2.01,1.95,4.92,3.86,1.79
I1,20/11/16,Empoli,Fiorentina,0,4,A,0,1,A,13,24,6,13,7,12,5,4,1,3,0,0,3.9,3.4,2,3.75,3.25,2.1,3.4,3.2,2.1,3.6,3.3,2.05,3.87,3.37,2.15,3.8,3.3,2.1,4,3.2,2.1,50,4,3.75,3.4,3.29,2.19,2.08,46,2.3,2.17,1.76,1.68,28,0.5,1.84,1.79,2.15,2.07,4.01,3.54,2.05
I1,20/11/16,Lazio,Genoa,3,1,H,1,0,H,16,12,4,3,14,20,3,5,1,3,0,1,1.7,3.8,5,1.65,3.8,5.5,1.6,3.7,5.4,1.7,3.6,5,1.75,3.85,5.35,1.67,3.75,5.5,1.67,3.9,5.4,51,1.8,1.69,4.04,3.78,5.55,5.11,47,1.76,1.69,2.26,2.15,32,-1,2.33,2.23,1.72,1.68,1.73,3.97,5.25
I1,20/11/16,Milan,Inter,2,2,D,1,0,H,10,21,4,6,16,14,1,8,2,4,0,0,2.8,3.2,2.6,2.65,3.2,2.75,2.5,3.2,2.75,2.8,3,2.62,2.89,3.2,2.76,2.8,3.1,2.8,2.8,3.2,2.7,51,2.89,2.76,3.36,3.18,2.85,2.69,46,2.13,2.05,1.83,1.76,30,0,2.02,1.95,1.93,1.88,2.92,3.19,2.74
I1,20/11/16,Sampdoria,Sassuolo,3,2,H,0,0,D,22,11,8,5,17,17,9,1,4,3,0,0,2.05,3.4,3.75,2.1,3.4,3.6,2.1,3.2,3.4,2.1,3.3,3.5,2.17,3.42,3.75,2.1,3.3,3.8,2.15,3.3,3.7,51,2.26,2.12,3.49,3.34,3.8,3.56,47,2,1.93,1.93,1.86,28,-0.5,2.18,2.1,1.83,1.76,2.23,3.45,3.54
I1,26/11/16,Empoli,Milan,1,4,A,1,1,D,15,16,4,6,11,17,2,6,2,3,0,0,3.8,3.3,2.05,3.7,3.4,2.05,3.6,3.3,2,3.6,3.3,2.05,4.07,3.39,2.08,4,3.2,2.1,3.75,3.3,2.1,49,4.07,3.84,3.41,3.29,2.12,2.05,45,2.21,2.12,1.78,1.71,25,0.25,2.2,2.12,1.8,1.75,3.55,3.32,2.29
I1,26/11/16,Torino,Chievo,2,1,H,2,0,H,16,10,4,3,13,10,10,2,2,1,0,1,1.73,3.6,5.25,1.67,3.7,5.5,1.7,3.6,4.7,1.73,3.5,5,1.81,3.66,5.12,1.75,3.5,5.5,1.75,3.5,5.4,49,1.81,1.74,3.75,3.62,5.55,5.09,46,2.08,1.99,1.89,1.81,26,-0.75,2.08,1.97,1.94,1.88,1.75,3.73,5.52
I1,27/11/16,Bologna,Atalanta,0,2,A,0,1,A,9,14,2,2,15,12,6,9,5,2,0,0,3,3.2,2.5,3.1,3.2,2.4,2.85,3.2,2.4,2.9,3.2,2.4,3.08,3.34,2.53,3,3.25,2.5,3.2,3.1,2.5,48,3.2,3,3.34,3.21,2.55,2.46,44,2.36,2.26,1.69,1.63,26,0.25,1.83,1.77,2.15,2.1,3.26,3.17,2.51
I1,27/11/16,Cagliari,Udinese,2,1,H,1,0,H,7,20,3,5,16,19,3,4,4,3,0,0,2.38,3.4,3,2.35,3.4,3,2.2,3.3,3.1,2.38,3.3,2.9,2.48,3.44,3.06,2.4,3.3,3.1,2.4,3.3,3.1,49,2.48,2.39,3.47,3.32,3.2,3.02,46,1.85,1.77,2.12,2.04,26,-0.25,2.12,2.05,1.85,1.81,2.45,3.26,3.27
I1,27/11/16,Crotone,Sampdoria,1,1,D,1,0,H,9,15,3,6,17,15,2,6,3,0,0,0,3.3,3.4,2.2,3.4,3.3,2.2,3.1,3.3,2.2,3.2,3.3,2.2,3.37,3.47,2.3,3.2,3.4,2.3,3.4,3.2,2.3,49,3.55,3.27,3.47,3.32,2.35,2.26,46,2.07,1.97,1.9,1.82,26,0.25,1.97,1.92,1.99,1.93,3.12,3.38,2.48
I1,27/11/16,Genoa,Juventus,3,1,H,3,0,H,12,12,6,2,26,8,3,6,3,2,0,0,6,3.75,1.62,6.25,3.7,1.62,5.6,3.9,1.55,5.75,3.8,1.6,6.75,3.96,1.61,6.5,3.75,1.62,7,3.8,1.57,49,7,6.17,4,3.81,1.67,1.6,45,2.2,2.08,1.8,1.73,30,1,1.83,1.79,2.14,2.06,7.13,3.87,1.61
I1,27/11/16,Palermo,Lazio,0,1,A,0,1,A,17,18,4,6,11,18,4,5,3,1,1,0,5.5,4,1.62,5.5,4,1.62,5.1,3.6,1.65,5,3.8,1.65,5.7,4.02,1.68,5.5,3.8,1.67,5.5,4,1.65,49,5.7,5.37,4.11,3.87,1.72,1.65,45,1.8,1.74,2.2,2.08,29,1,1.8,1.74,2.21,2.12,5.38,3.89,1.74
I1,27/11/16,Roma,Pescara,3,2,H,2,0,H,14,14,7,7,20,21,8,7,3,3,0,0,1.2,7.5,12,1.2,6.75,14,1.15,7,15,1.2,7,13,1.21,8.04,14.89,1.22,6.5,15,1.18,8,15,49,1.25,1.2,8.04,7.06,15,13.1,38,1.34,1.29,3.85,3.51,30,-2,1.98,1.92,2,1.92,1.22,7.7,14.37
I1,28/11/16,Inter,Fiorentina,4,2,H,3,1,H,22,12,9,6,28,15,7,2,5,3,0,1,2,3.4,3.9,2,3.5,3.8,2,3.3,3.6,2,3.3,3.8,2.03,3.54,4.07,2,3.4,4,2,3.4,4,48,2.07,2.01,3.59,3.42,4.07,3.84,46,1.91,1.85,2.06,1.95,24,-0.25,1.75,1.72,2.25,2.16,2.12,3.51,3.79
I1,28/11/16,Napoli,Sassuolo,1,1,D,1,0,H,20,4,6,1,14,12,9,3,3,4,0,0,1.25,6,12,1.28,5.75,11,1.3,5,9,1.29,5.5,10,1.31,6.18,10.46,1.3,5.5,11,1.3,5.5,11,48,1.33,1.29,6.18,5.68,12,10.1,38,1.54,1.46,2.8,2.61,27,-1.5,1.9,1.84,2.06,2,1.33,5.54,11.6
I1,02/12/16,Napoli,Inter,3,0,H,2,0,H,19,18,11,6,7,12,5,7,2,3,0,0,1.75,3.75,4.75,1.83,3.8,4.5,1.9,3.45,3.8,1.8,3.6,4.2,1.85,3.91,4.45,1.73,3.6,3.8,1.85,3.7,4.5,43,1.9,1.8,3.97,3.76,4.75,4.33,39,1.69,1.64,2.35,2.24,26,-1,2.5,2.4,1.63,1.59,1.79,3.9,4.86
I1,03/12/16,Juventus,Atalanta,3,1,H,2,0,H,12,7,7,2,25,18,6,4,3,2,0,0,1.4,4.5,9,1.42,4.6,7.75,1.4,4.4,7.3,1.36,4.5,9,1.41,4.79,9.58,1.4,4.5,9.5,1.36,4.8,10,45,1.43,1.39,4.87,4.56,10,8.98,40,1.85,1.77,2.12,2.04,27,-1.5,2.24,2.13,1.79,1.74,1.51,4.24,8.29
I1,04/12/16,Fiorentina,Palermo,2,1,H,1,0,H,19,7,7,2,16,22,7,6,2,2,0,0,1.29,5.5,11,1.28,5.75,10.5,1.3,5,9,1.3,5.25,10,1.3,5.99,11.58,1.33,5,11,1.29,5.5,12,44,1.35,1.3,6.05,5.47,12,10.51,34,1.61,1.57,2.5,2.37,28,-1.5,1.95,1.88,2.01,1.97,1.37,5.39,9.67
I1,04/12/16,Lazio,Roma,0,2,A,0,0,D,11,7,2,4,21,14,6,3,4,3,1,0,2.9,3.4,2.4,2.95,3.4,2.5,2.75,3.2,2.5,2.8,3.3,2.4,3.09,3.39,2.49,2.9,3.4,2.5,2.9,3.5,2.45,45,3.09,2.92,3.52,3.36,2.53,2.44,40,1.71,1.66,2.3,2.2,26,0,2.2,2.1,1.82,1.76,2.95,3.43,2.57
I1,04/12/16,Milan,Crotone,2,1,H,1,1,D,12,9,4,5,22,19,7,4,4,4,0,0,1.33,5,10,1.3,5.5,10,1.25,5.5,10.3,1.3,5,9.5,1.32,5.76,11.04,1.3,5.5,11,1.29,5.5,12,45,1.38,1.31,5.85,5.41,12,10.04,36,1.65,1.6,2.4,2.31,28,-1.5,2,1.93,1.96,1.91,1.33,5.59,11.5
I1,04/12/16,Pescara,Cagliari,1,1,D,0,1,A,19,6,2,2,20,18,8,2,2,2,0,1,2.38,3.4,3,2.45,3.25,3,2.6,3.2,2.6,2.3,3.4,2.9,2.44,3.57,3.03,2.4,3.4,3,2.38,3.4,3.1,45,2.6,2.42,3.57,3.37,3.1,2.94,40,1.78,1.73,2.2,2.1,25,-0.25,2.12,2.06,1.86,1.8,2.26,3.47,3.45
I1,04/12/16,Sampdoria,Torino,2,0,H,0,0,D,13,14,2,3,10,20,5,2,1,4,0,0,2.75,3.25,2.63,2.7,3.3,2.65,2.65,3.1,2.65,2.62,3.3,2.62,2.7,3.4,2.81,2.8,3.3,2.62,2.7,3.3,2.75,45,2.85,2.71,3.53,3.26,2.85,2.66,41,1.88,1.8,2.11,2.01,26,0,2.03,1.93,2,1.91,2.97,3.4,2.56
I1,04/12/16,Sassuolo,Empoli,3,0,H,2,0,H,12,14,6,3,20,10,2,7,4,6,0,0,1.83,3.4,4.75,1.85,3.4,4.75,2,3.3,3.6,1.8,3.4,4.5,1.85,3.59,4.93,1.85,3.4,5,1.85,3.4,4.8,45,2,1.84,3.65,3.44,5,4.62,40,2.2,2.13,1.78,1.71,24,-0.5,1.86,1.83,2.09,2.02,1.83,3.73,4.88
I1,05/12/16,Chievo,Genoa,0,0,D,0,0,D,7,9,2,0,9,19,5,8,2,3,0,0,2.5,3.1,3.1,2.55,3.1,2.95,2.4,3.3,2.75,2.5,3,3,2.61,3.12,3.17,2.5,3.1,3.2,2.55,3,3.2,44,2.61,2.52,3.3,3.06,3.2,3.04,37,2.51,2.42,1.59,1.55,22,0,1.79,1.74,2.21,2.13,2.5,3.1,3.36
I1,05/12/16,Udinese,Bologna,1,0,H,0,0,D,19,7,9,1,10,17,5,0,3,0,0,1,2,3.2,4.2,2.05,3.2,4,2.1,3.3,3.3,2,3.25,4,2.06,3.39,4.18,2,3.3,4.2,2,3.25,4.3,45,2.1,2.01,3.4,3.27,4.3,4,41,2.25,2.15,1.75,1.69,23,-0.75,2.41,2.33,1.67,1.62,2.03,3.37,4.34
I1,10/12/16,Crotone,Pescara,2,1,H,1,0,H,8,6,4,3,18,20,1,4,1,3,1,1,2.63,3.25,2.8,2.55,3.3,2.8,2.3,3.3,2.9,2.5,3.2,2.8,2.69,3.33,2.87,2.62,3.3,2.8,2.6,3.3,2.88,50,2.69,2.56,3.44,3.26,3,2.83,48,2,1.92,1.93,1.87,25,-0.25,2.28,2.18,1.78,1.72,3.01,3.26,2.62
I1,10/12/16,Sampdoria,Lazio,1,2,A,0,2,A,10,10,5,7,9,15,2,5,2,4,0,0,3,3.4,2.38,3.1,3.3,2.35,2.75,3.2,2.5,2.9,3.3,2.38,3.11,3.47,2.44,3,3.3,2.5,3,3.4,2.45,50,3.2,3,3.5,3.34,2.5,2.4,47,1.84,1.76,2.13,2.04,24,0,2.42,2.18,1.77,1.71,3.43,3.56,2.24
I1,11/12/16,Atalanta,Udinese,1,3,A,0,1,A,18,6,9,3,11,12,11,0,1,2,0,0,1.75,3.6,5,1.75,3.5,5.25,1.75,3.5,4.5,1.7,3.5,5.25,1.75,3.74,5.51,1.75,3.75,5,1.75,3.5,5.5,50,1.8,1.73,3.85,3.6,5.51,5.11,47,2.19,2.05,1.82,1.75,24,-0.75,1.99,1.93,1.97,1.92,1.78,3.64,5.45
I1,11/12/16,Bologna,Empoli,0,0,D,0,0,D,22,3,3,1,14,17,7,2,2,4,0,0,2.1,3.25,3.8,2.05,3.3,3.9,2,3.3,3.6,2.05,3.1,3.8,2.13,3.3,4.03,2.1,3.3,3.8,2.15,3.13,4,49,2.16,2.09,3.37,3.25,4.03,3.79,46,2.37,2.22,1.71,1.66,23,-0.25,1.84,1.8,2.12,2.07,2.26,3.25,3.71
I1,11/12/16,Cagliari,Napoli,0,5,A,0,2,A,6,23,3,11,17,10,2,10,4,3,0,0,6,4.33,1.53,6,4.25,1.55,5,4,1.6,5.5,4.33,1.55,6.55,4.49,1.55,6,4,1.6,6,4.2,1.57,49,6.55,5.97,4.58,4.29,1.6,1.54,40,1.61,1.55,2.5,2.4,27,1,2.02,1.96,1.95,1.88,7.13,4.64,1.51
I1,11/12/16,Inter,Genoa,2,0,H,1,0,H,13,10,3,4,13,18,5,5,1,2,0,0,1.67,3.75,5.5,1.62,4,5.5,1.7,3.6,4.7,1.65,3.8,5.25,1.69,4.01,5.61,1.67,3.8,5.5,1.65,4,5.5,48,1.72,1.67,4.08,3.86,5.61,5.23,45,1.74,1.68,2.26,2.17,26,-1,2.25,2.16,1.76,1.72,1.64,4.11,5.97
I1,11/12/16,Palermo,Chievo,0,2,A,0,1,A,15,9,3,3,10,16,8,3,1,1,0,0,2.9,3.1,2.6,2.95,3.1,2.55,2.6,3.2,2.6,2.9,3,2.62,2.96,3.15,2.74,3,3,2.7,3,3,2.7,49,3,2.9,3.22,3.1,2.76,2.62,44,2.51,2.37,1.62,1.57,22,0.25,1.74,1.7,2.29,2.19,3.13,3.11,2.64
I1,11/12/16,Torino,Juventus,1,3,A,1,1,D,9,17,2,8,23,19,4,3,1,2,0,0,4.33,3.6,1.85,4.5,3.4,1.87,4.2,3.5,1.8,4.33,3.5,1.85,4.56,3.64,1.9,4.5,3.4,1.91,4.5,3.5,1.87,49,4.6,4.45,3.64,3.48,1.93,1.86,46,2.09,2.02,1.86,1.79,22,0.75,1.82,1.76,2.19,2.1,4.62,3.57,1.91
I1,12/12/16,Fiorentina,Sassuolo,2,1,H,2,0,H,14,16,6,5,23,12,5,5,3,1,0,0,1.62,4,5.5,1.6,3.9,6,1.6,3.7,5.4,1.6,3.8,5.75,1.62,4.15,6.22,1.67,3.75,6,1.57,4.1,6.25,49,1.68,1.61,4.35,3.98,6.25,5.66,46,1.77,1.71,2.19,2.12,27,-1,2.17,2.03,1.88,1.83,1.63,4.26,5.83
I1,12/12/16,Roma,Milan,1,0,H,0,0,D,14,8,4,4,13,23,8,4,1,2,0,0,1.62,4.2,5.25,1.65,4,5.25,1.75,3.5,4.5,1.62,4,5,1.65,4.28,5.51,1.67,4.2,5,1.62,4.2,5.4,49,1.75,1.64,4.4,4.06,5.51,5.17,41,1.6,1.55,2.51,2.41,26,-1,2.14,2.06,1.84,1.79,1.68,4.03,5.61
I1,15/12/16,Genoa,Fiorentina,1,0,H,1,0,H,9,9,4,3,24,14,4,3,3,2,0,0,2.6,3.2,2.8,2.65,3.2,2.8,2.6,3.2,2.6,2.6,3.1,2.88,2.69,3.23,2.95,2.4,3.2,3,2.63,3.1,3,56,2.69,2.58,3.36,3.17,3,2.86,45,2.3,2.17,1.75,1.67,31,0,1.88,1.83,2.08,2.01,2.71,3.25,2.91
I1,17/12/16,Empoli,Cagliari,2,0,H,1,0,H,7,9,2,2,23,17,3,2,6,5,0,0,2.05,3.25,3.75,2.1,3.3,3.7,2,3.3,3.6,2.05,3.3,3.75,2.13,3.42,3.87,2.15,3.2,3.8,2.1,3.3,3.9,51,2.19,2.09,3.47,3.32,3.92,3.72,45,2,1.92,1.95,1.88,27,-0.5,2.14,2.07,1.85,1.81,2.09,3.4,4.03
I1,17/12/16,Juventus,Roma,1,0,H,1,0,H,7,10,6,2,16,17,5,8,3,5,0,0,1.7,3.6,5,1.75,3.7,5.25,1.75,3.5,4.5,1.73,3.6,4.75,1.76,3.82,5.31,1.75,3.5,5.5,1.73,3.7,5.2,51,1.81,1.74,3.89,3.66,5.5,4.98,44,1.88,1.8,2.07,2,25,-1,2.42,2.32,1.66,1.63,1.71,3.7,5.98
I1,17/12/16,Milan,Atalanta,0,0,D,0,0,D,11,14,3,4,23,28,6,3,3,6,0,0,1.95,3.4,3.9,1.95,3.4,4.2,1.85,3.45,4,2,3.3,3.8,2.08,3.45,4.02,2.05,3.5,3.75,2.05,3.3,4,50,2.14,2.02,3.5,3.37,4.2,3.88,43,2.14,2.04,1.82,1.76,26,-0.5,2.08,2.03,1.89,1.83,2.33,3.22,3.57
I1,18/12/16,Chievo,Sampdoria,2,1,H,2,0,H,13,21,5,6,10,15,3,10,1,2,0,0,2.2,3.25,3.3,2.3,3.2,3.3,2.2,3.2,3.2,2.25,3.1,3.3,2.38,3.26,3.41,2.3,3.1,3.5,2.3,3.13,3.5,51,2.45,2.3,3.3,3.2,3.5,3.33,44,2.28,2.2,1.71,1.66,24,-0.25,2.01,1.95,1.94,1.9,2.26,3.28,3.68
I1,18/12/16,Genoa,Palermo,3,4,A,1,1,D,14,13,6,4,14,18,5,5,3,5,1,0,1.57,3.75,6,1.55,4.1,6.25,1.55,3.9,5.6,1.53,3.8,6.5,1.57,4.05,7.36,1.6,3.8,6.5,1.57,4.1,6.25,51,1.63,1.56,4.16,3.94,7.36,6.56,45,2.04,1.94,1.94,1.86,28,-1,2.01,1.93,1.96,1.91,1.53,4.21,7.69
I1,18/12/16,Lazio,Fiorentina,3,1,H,2,0,H,11,13,5,6,16,20,5,5,1,5,0,0,2,3.4,3.75,2,3.5,3.75,1.9,3.45,3.8,1.95,3.4,3.8,2.01,3.61,4.08,2.05,3.5,3.75,2,3.5,3.9,50,2.07,2,3.67,3.49,4.08,3.82,43,1.81,1.74,2.16,2.07,24,-0.5,2.01,1.98,1.93,1.87,1.84,3.85,4.63
I1,18/12/16,Napoli,Torino,5,3,H,3,0,H,21,10,10,5,6,14,4,3,0,3,0,0,1.45,4.2,7.5,1.5,4.5,6.25,1.55,3.9,5.6,1.48,4.33,6.5,1.49,4.59,7.61,1.5,4.33,7,1.45,4.6,7.5,50,1.55,1.48,4.85,4.48,7.61,6.79,35,1.54,1.49,2.75,2.54,27,-1,1.78,1.73,2.22,2.14,1.43,4.97,8.55
I1,18/12/16,Pescara,Bologna,0,3,A,0,2,A,7,18,1,8,13,16,1,7,1,2,1,0,2.4,3,3.2,2.45,3.1,3.1,2.5,3.1,2.8,2.4,3.1,3.1,2.47,3.23,3.28,2.5,3.2,3.1,2.4,3.13,3.3,51,2.51,2.43,3.32,3.17,3.3,3.11,44,2.26,2.16,1.73,1.69,24,-0.25,2.09,2.04,1.86,1.82,2.46,3.3,3.23
I1,18/12/16,Sassuolo,Inter,0,1,A,0,0,D,11,20,4,6,14,18,3,8,1,3,0,1,3.4,3.6,2.05,3.75,3.5,2,3.3,3.3,2.1,3.4,3.6,2.05,3.79,3.63,2.08,3.75,3.4,2.1,3.75,3.5,2.05,51,3.79,3.6,3.71,3.53,2.12,2.05,44,1.83,1.76,2.13,2.05,24,0.5,1.86,1.82,2.12,2.04,4.66,3.85,1.83
I1,18/12/16,Udinese,Crotone,2,0,H,1,0,H,14,9,8,4,10,19,5,4,0,4,0,1,1.57,3.8,6,1.6,3.8,6.25,1.5,4,6.1,1.6,3.8,5.75,1.63,4.03,6.3,1.62,3.8,6.5,1.6,3.8,6.5,51,1.67,1.61,4.06,3.85,6.5,5.99,45,2.02,1.93,1.93,1.87,27,-1,2.14,2.06,1.82,1.79,1.65,3.81,6.62
I1,20/12/16,Atalanta,Empoli,2,1,H,0,0,D,30,3,10,1,16,10,14,2,3,4,0,0,1.53,3.9,7,1.53,3.9,7,1.65,3.6,5.1,1.53,3.8,7,1.55,4.08,7.74,1.57,3.6,6.5,1.55,3.9,7.5,51,1.65,1.54,4.08,3.9,7.8,6.99,47,2.14,2.05,1.86,1.77,29,-1,2,1.94,1.96,1.91,1.53,4.38,7.33
I1,21/12/16,Inter,Lazio,3,0,H,0,0,D,11,10,6,4,15,11,6,3,2,2,0,0,2.15,3.5,3.3,2.1,3.5,3.5,2.1,3.3,3.3,2.05,3.4,3.5,2.13,3.6,3.68,2.1,3.6,3.25,2.1,3.6,3.5,51,2.18,2.11,3.66,3.52,3.68,3.45,45,1.69,1.64,2.32,2.25,26,-0.25,1.87,1.82,2.12,2.05,2.16,3.5,3.69
I1,22/12/16,Cagliari,Sassuolo,4,3,H,1,2,A,18,12,10,4,13,18,5,4,3,3,0,1,2.5,3.4,2.8,2.5,3.25,2.9,2.3,3.2,3,2.4,3.25,2.9,2.53,3.43,3.02,2.45,3.5,2.75,2.5,3.4,2.9,51,2.55,2.46,3.5,3.35,3.02,2.88,47,1.83,1.76,2.12,2.05,26,-0.25,2.23,2.11,1.81,1.76,2.51,3.33,3.11
I1,22/12/16,Fiorentina,Napoli,3,3,D,0,1,A,15,9,5,8,14,7,3,2,5,3,0,0,3.5,3.5,2.1,3.4,3.6,2.1,3.1,3.3,2.2,3.4,3.5,2.05,3.56,3.7,2.13,3.4,3.75,2.1,3.6,3.5,2.1,51,3.62,3.46,3.75,3.55,2.2,2.09,45,1.74,1.67,2.27,2.19,24,0.25,2.12,2.07,1.84,1.8,4.4,3.83,1.88
I1,22/12/16,Palermo,Pescara,1,1,D,1,0,H,5,11,2,2,14,16,1,8,4,5,0,0,2.2,3.3,3.4,2.2,3.25,3.5,2.2,3.2,3.2,2.1,3.2,3.6,2.19,3.33,3.79,2.25,3.3,3.2,2.15,3.25,3.75,51,2.25,2.17,3.45,3.3,3.79,3.5,47,2.17,2.09,1.79,1.74,26,-0.25,1.89,1.85,2.06,2.01,2.34,3.14,3.65
I1,22/12/16,Roma,Chievo,3,1,H,1,1,D,25,6,9,2,9,13,9,1,0,2,0,0,1.33,5.5,8,1.3,5.5,9.75,1.3,5,9,1.3,5,10,1.33,5.7,10.66,1.33,5,9,1.33,5.5,9.5,51,1.38,1.32,5.7,5.35,11,9.51,43,1.57,1.52,2.62,2.49,28,-1.5,1.98,1.92,1.97,1.92,1.37,5.3,9.89
I1,22/12/16,Sampdoria,Udinese,0,0,D,0,0,D,14,11,3,3,11,10,6,2,1,1,0,0,2.2,3.4,3.3,2.15,3.3,3.5,2.1,3.1,3.55,2.15,3.25,3.5,2.21,3.42,3.63,2.05,3.4,3.6,2.2,3.3,3.6,51,2.25,2.17,3.47,3.35,3.63,3.45,48,2.02,1.96,1.93,1.84,26,-0.25,1.9,1.86,2.05,1.99,1.98,3.61,4.18
I1,22/12/16,Torino,Genoa,1,0,H,0,0,D,10,15,5,4,19,13,5,13,2,4,0,0,1.83,3.6,4.5,1.8,3.75,4.4,1.85,3.45,4,1.8,3.6,4.33,1.81,3.86,4.81,1.85,3.75,4,1.8,3.75,4.6,51,1.87,1.81,3.91,3.68,4.81,4.4,47,1.75,1.7,2.23,2.14,25,-0.5,1.85,1.8,2.14,2.06,1.92,3.72,4.36
I1,07/01/17,Empoli,Palermo,1,0,H,0,0,D,6,13,2,4,13,17,6,2,1,3,0,0,2.05,3.3,3.8,2,3.3,4.1,2,3.3,3.6,2,3.1,4,2.08,3.3,4.22,2.1,3.2,4,2.05,3.13,4.3,50,2.1,2.04,3.35,3.26,4.3,3.99,47,2.41,2.3,1.67,1.61,24,-0.5,2.08,2.02,1.88,1.83,1.98,3.27,4.76
I1,07/01/17,Napoli,Sampdoria,2,1,H,0,1,A,23,9,9,2,15,16,9,3,1,0,0,1,1.29,5.5,10,1.28,6,9.75,1.27,5.2,10,1.29,5.75,10,1.28,6.35,12.46,1.3,5.5,11,1.25,6,13,51,1.32,1.28,6.35,5.88,13,10.66,38,1.47,1.41,3.05,2.83,26,-2,2.41,2.28,1.72,1.65,1.26,6.71,12.48
I1,08/01/17,Chievo,Atalanta,1,4,A,0,3,A,7,18,2,7,21,14,4,3,1,1,0,0,2.75,3.2,2.7,2.75,3.1,2.75,2.65,3.1,2.65,2.75,3,2.7,2.88,3.12,2.84,2.8,3.1,2.8,2.88,3,2.8,49,2.88,2.78,3.2,3.08,2.84,2.74,46,2.42,2.33,1.65,1.59,28,0,2,1.94,1.95,1.91,3.42,3.26,2.38
I1,08/01/17,Genoa,Roma,0,1,A,0,1,A,10,16,4,3,12,13,2,8,2,4,0,0,3.8,3.6,1.95,4.1,3.5,1.91,4.2,3.5,1.8,3.8,3.6,1.91,4.32,3.72,1.93,4,3.6,1.95,4.2,3.6,1.9,49,4.32,4.02,3.82,3.62,1.97,1.91,46,1.75,1.69,2.22,2.14,24,0.5,2.02,1.95,1.93,1.89,3.76,3.59,2.1
I1,08/01/17,Juventus,Bologna,3,0,H,2,0,H,12,7,4,2,11,13,6,2,1,2,0,0,1.18,7,17,1.18,7.5,15,1.17,6.5,14,1.2,6.5,17,1.21,7.41,17.6,1.2,6.5,19,1.17,7.5,21,49,1.24,1.19,7.93,6.86,21,16.24,44,1.61,1.55,2.51,2.41,27,-2,2.08,2.01,1.88,1.84,1.24,6.71,15.44
I1,08/01/17,Lazio,Crotone,1,0,H,0,0,D,22,2,5,1,15,11,14,0,2,2,0,0,1.29,5.25,12,1.26,5.75,12,1.27,5.2,10,1.25,5.5,11,1.27,6.24,13.33,1.29,5.5,12,1.25,6,13,49,1.32,1.27,6.24,5.71,13.33,11.54,44,1.56,1.52,2.62,2.5,27,-1.5,1.89,1.83,2.1,2.02,1.3,5.94,11.89
I1,08/01/17,Milan,Cagliari,1,0,H,0,0,D,29,7,4,1,6,12,11,3,0,1,0,1,1.4,4.75,8,1.4,4.75,8.25,1.4,4.4,7.3,1.4,4.5,7,1.44,5.06,7.81,1.44,4.5,8,1.4,4.8,8.5,49,1.47,1.42,5.15,4.74,8.5,7.54,44,1.61,1.56,2.55,2.41,26,-1.5,2.26,2.17,1.75,1.71,1.38,5.29,9.25
I1,08/01/17,Sassuolo,Torino,0,0,D,0,0,D,7,24,2,1,17,18,1,8,2,3,0,0,2.7,3.4,2.6,2.85,3.25,2.55,2.6,3.2,2.6,2.8,3.3,2.5,2.93,3.43,2.58,2.8,3.3,2.62,2.8,3.4,2.55,49,2.93,2.79,3.5,3.35,2.65,2.55,46,1.77,1.72,2.2,2.12,28,0,2.11,2.02,1.88,1.83,3.05,3.42,2.5
I1,08/01/17,Udinese,Inter,1,2,A,1,1,D,12,9,3,4,19,12,3,7,3,2,0,0,3.75,3.5,2,3.8,3.5,2,3.3,3.3,2.1,3.75,3.5,1.95,4.14,3.61,1.97,3.8,3.5,2,4.1,3.5,1.95,49,4.14,3.86,3.62,3.51,2.1,1.98,47,1.89,1.83,2.03,1.96,24,0.5,1.97,1.89,2.01,1.96,3.89,3.48,2.1
I1,14/01/17,Crotone,Bologna,0,1,A,0,0,D,17,14,6,7,14,14,6,5,2,4,0,0,3,3,2.6,2.9,3.1,2.6,2.6,3.2,2.6,2.9,3,2.5,3.05,3.14,2.67,3,3.1,2.62,3.1,3,2.63,49,3.1,2.95,3.21,3.08,2.67,2.6,43,2.4,2.32,1.66,1.6,26,0,2.1,2.05,1.85,1.81,3.08,3.12,2.67
I1,14/01/17,Inter,Chievo,3,1,H,0,1,A,31,5,14,4,12,16,12,2,0,3,0,0,1.44,4.33,8,1.45,4.4,7.25,1.5,4,6.1,1.44,4.2,8,1.45,4.63,8.8,1.44,4.5,8,1.45,4.6,7,49,1.5,1.44,4.76,4.45,8.8,7.91,46,1.93,1.86,2,1.94,26,-1.5,2.38,2.3,1.69,1.64,1.49,4.34,8.38
I1,15/01/17,Cagliari,Genoa,4,1,H,2,1,H,19,12,12,4,8,13,3,14,3,2,1,0,2.8,3.4,2.5,2.8,3.25,2.6,2.4,3.2,2.85,2.75,3.2,2.5,2.87,3.34,2.69,2.7,3.3,2.7,2.88,3.3,2.6,50,2.88,2.78,3.52,3.28,2.85,2.61,46,1.88,1.81,2.07,2,28,0,2.06,2,1.92,1.86,3.04,3.37,2.53
I1,15/01/17,Fiorentina,Juventus,2,1,H,1,0,H,17,11,6,4,22,20,3,7,3,5,0,0,4.75,3.4,1.83,5,3.4,1.8,4.5,3.5,1.75,4.5,3.5,1.8,5.2,3.54,1.83,5,3.4,1.83,5.2,3.4,1.8,50,5.2,4.82,3.57,3.43,1.87,1.82,45,2.19,2.09,1.81,1.74,24,0.5,2.12,2.06,1.85,1.81,5.49,3.59,1.79
I1,15/01/17,Lazio,Atalanta,2,1,H,1,1,D,21,9,5,3,17,18,7,3,5,2,0,0,2,3.4,3.9,1.95,3.4,4.1,1.9,3.45,3.8,1.95,3.4,3.8,2.04,3.55,4.02,1.95,3.4,4.2,1.95,3.5,4.1,49,2.04,1.97,3.6,3.45,4.26,3.98,46,1.91,1.85,2.02,1.94,26,-0.5,2.04,1.97,1.93,1.89,2.07,3.38,4.13
I1,15/01/17,Napoli,Pescara,3,1,H,0,0,D,23,8,10,2,10,14,6,2,1,3,0,0,1.14,8,19,1.15,8,18,1.12,8,16,1.18,7.5,15,1.18,8.56,17.45,1.17,8,17,1.17,8.5,15,50,1.2,1.16,8.72,7.92,21.79,16.55,35,1.37,1.32,3.6,3.31,26,-2.5,2.33,2.23,1.73,1.68,1.16,9.45,18.79
I1,15/01/17,Sampdoria,Empoli,0,0,D,0,0,D,16,14,2,2,8,9,6,8,3,3,0,0,1.75,3.5,5.25,1.78,3.5,5,1.8,3.4,4.4,1.73,3.5,5,1.76,3.73,5.44,1.8,3.3,5.5,1.75,3.6,5,50,1.8,1.75,3.73,3.54,5.5,5.1,45,2.17,2.1,1.79,1.73,25,-1,2.47,2.39,1.63,1.6,1.83,3.62,5.03
I1,15/01/17,Sassuolo,Palermo,4,1,H,2,1,H,14,14,7,3,14,11,8,3,2,2,0,0,1.73,3.6,5.25,1.72,3.7,5,1.8,3.5,4.2,1.7,3.6,5,1.74,3.81,5.51,1.75,3.5,5.5,1.7,3.7,5.5,50,1.8,1.73,3.84,3.67,5.55,5.11,46,1.98,1.9,1.96,1.9,25,-1,2.39,2.3,1.68,1.64,1.82,3.54,5.3
I1,15/01/17,Udinese,Roma,0,1,A,0,1,A,10,13,5,4,16,17,4,7,2,1,0,0,4.2,3.5,1.91,4.1,3.5,1.91,4,3.45,1.85,3.8,3.6,1.85,4.46,3.7,1.9,4.2,3.4,1.95,4.4,3.6,1.87,50,4.46,4.21,3.75,3.56,1.95,1.89,45,1.85,1.78,2.1,2.03,24,0.5,2.04,1.98,1.91,1.88,4.75,3.84,1.82
I1,16/01/17,Torino,Milan,2,2,D,2,0,H,17,23,7,8,11,11,6,6,5,1,0,1,2.38,3.3,3.1,2.4,3.3,3,2.5,3.1,2.8,2.3,3.25,3.1,2.38,3.39,3.27,2.4,3.3,3.1,2.3,3.3,3.25,49,2.5,2.36,3.49,3.31,3.27,3.1,45,1.95,1.87,2,1.92,25,-0.25,2.05,2.01,1.91,1.86,2.55,3.31,3.08
I1,21/01/17,Chievo,Fiorentina,0,3,A,0,1,A,17,10,6,6,18,18,2,8,3,2,0,0,3.4,3.25,2.25,3.4,3.25,2.25,3.2,3.2,2.2,3.3,3.2,2.2,3.47,3.37,2.3,3.5,3.2,2.25,3.5,3.2,2.25,50,3.6,3.41,3.38,3.26,2.31,2.24,46,2.2,2.1,1.81,1.72,24,0.25,1.99,1.95,1.96,1.91,3.87,3.31,2.18
I1,21/01/17,Milan,Napoli,1,2,A,1,2,A,13,9,4,5,15,16,7,1,4,4,0,0,4,3.3,2,3.5,3.6,2.05,3,3.2,2.3,3.5,3.5,2.05,3.75,3.6,2.1,3.75,3.4,2.1,3.75,3.5,2.05,49,4,3.65,3.63,3.47,2.3,2.07,45,1.82,1.75,2.15,2.06,24,0.5,1.85,1.82,2.11,2.06,3.53,3.75,2.13
I1,22/01/17,Atalanta,Sampdoria,1,0,H,0,0,D,13,13,6,3,13,20,5,5,1,3,0,0,1.67,3.75,5.5,1.65,3.75,5.75,1.75,3.5,4.5,1.62,3.6,5.75,1.67,3.91,6.09,1.67,3.6,6,1.67,3.9,5,50,1.75,1.66,4,3.78,6.14,5.55,47,1.97,1.88,1.99,1.91,26,-1,2.21,2.13,1.79,1.74,1.77,3.78,5.23
I1,22/01/17,Bologna,Torino,2,0,H,1,0,H,9,9,5,2,11,11,2,9,2,2,0,0,2.9,3.3,2.5,3.1,3.2,2.4,2.85,3.2,2.4,2.9,3.2,2.4,3.08,3.32,2.54,3.1,3.2,2.5,3.1,3.13,2.55,50,3.1,2.99,3.37,3.22,2.55,2.48,47,2.11,2.03,1.85,1.78,24,0.25,1.8,1.76,2.18,2.13,2.97,3.22,2.69
I1,22/01/17,Empoli,Udinese,1,0,H,0,0,D,5,9,1,2,18,17,7,3,4,4,0,0,2.6,3.2,2.8,2.65,3.1,2.85,2.3,3.2,3,2.62,3,2.9,2.71,3.13,3.01,2.7,3.1,2.9,2.7,3,3,50,2.72,2.63,3.2,3.07,3.01,2.92,43,2.45,2.36,1.62,1.58,28,0,1.87,1.82,2.1,2.04,2.77,3.18,2.9
I1,22/01/17,Genoa,Crotone,2,2,D,1,0,H,10,14,4,6,18,9,7,5,1,2,0,0,1.57,4,6,1.57,3.8,6.75,1.55,4,5.5,1.55,3.8,6.5,1.58,4.09,6.97,1.57,3.8,7,1.53,4,7.5,50,1.59,1.55,4.3,3.98,7.5,6.5,47,2,1.91,1.95,1.88,27,-1,2.02,1.95,1.95,1.9,1.52,4.3,7.66
I1,22/01/17,Juventus,Lazio,2,0,H,2,0,H,7,11,2,2,10,19,0,4,0,3,0,0,1.5,4.2,7,1.5,4.2,6.75,1.5,4,6.1,1.5,4,7,1.51,4.41,7.65,1.53,4,7,1.5,4.2,7.5,50,1.56,1.5,4.5,4.2,7.65,6.92,47,1.93,1.85,2.02,1.95,27,-1,1.92,1.86,2.07,1.99,1.54,4.05,7.96
I1,22/01/17,Palermo,Inter,0,1,A,0,0,D,6,16,0,6,23,13,7,12,5,1,1,1,6.5,4,1.55,6.5,4.2,1.53,5.5,4,1.55,5.75,4,1.55,6.67,4.32,1.56,6.5,4,1.57,6.25,4.3,1.55,50,6.67,6.21,4.36,4.12,1.6,1.55,46,1.83,1.76,2.11,2.05,27,1,1.96,1.91,1.99,1.94,7.38,4.42,1.52
I1,22/01/17,Pescara,Sassuolo,1,3,A,0,1,A,19,16,5,5,12,23,5,6,4,5,0,0,2.9,3.3,2.5,2.9,3.4,2.45,2.9,3.3,2.3,2.8,3.3,2.4,2.95,3.5,2.53,2.9,3.4,2.5,3,3.3,2.5,50,3,2.9,3.52,3.37,2.55,2.46,47,1.9,1.83,2.05,1.97,26,0,2.17,2.11,1.82,1.77,3.15,3.42,2.44
I1,22/01/17,Roma,Cagliari,1,0,H,0,0,D,18,8,6,0,8,15,5,4,1,3,0,1,1.25,6.5,11,1.26,6.25,10,1.25,5.5,10.3,1.25,6,11,1.26,6.9,12,1.25,6.5,11,1.22,7,11,50,1.3,1.25,7.2,6.44,12.5,10.86,37,1.36,1.32,3.7,3.32,26,-1.5,1.72,1.68,2.33,2.23,1.25,7.3,12.4
